40.4309030002, 86.9162460018, 41
40.4309030004, 86.9162460043, 41
40.4309030014, 86.9162460076, 41
40.4309030046, 86.9162460115, 39
40.4309030094, 86.9162460160, 40
40.4309030144, 86.9162460217, 36
40.4309030183, 86.9162460274, 40
40.4309030000, 86.9162460000, 40.4309030020, 86.9162460057, 46
40.4309030021, 86.9162460058, 5
40.4309030021, 86.9162460060, 5
40.4309030022, 86.9162460061, 6
40.4309030022, 86.9162460063, 7
40.4309030023, 86.9162460064, 7
40.4309030023, 86.9162460066, 8
40.4309030024, 86.9162460068, 5
40.4309030024, 86.9162460069, 5
40.4309030026, 86.9162460073, 6
40.4309030026, 86.9162460075, 7
40.4309030027, 86.9162460077, 7
40.4309030027, 86.9162460078, 8
40.4309030028, 86.9162460080, 5
40.4309030029, 86.9162460084, 6
40.4309030029, 86.9162460086, 5
40.4309030031, 86.9162460090, 7
40.4309030031, 86.9162460092, 7
40.4309030032, 86.9162460094, 8
40.4309030032, 86.9162460097, 5
40.4309030033, 86.9162460099, 5
40.4309030034, 86.9162460103, 6
40.4309030034, 86.9162460105, 7
40.4309030035, 86.9162460107, 7
40.4309030035, 86.9162460109, 8
40.4309030036, 86.9162460110, 5
40.4309030037, 86.9162460114, 6
40.4309030037, 86.9162460116, 5
40.4309030038, 86.9162460118, 7
40.4309030038, 86.9162460120, 7
40.4309030039, 86.9162460122, 8
40.4309030039, 86.9162460124, 5
40.4309030040, 86.9162460128, 6
40.4309030041, 86.9162460130, 5
40.4309030042, 86.9162460134, 7
40.4309030042, 86.9162460136, 7
40.4309030043, 86.9162460138, 8
40.4309030043, 86.9162460140, 5
40.4309030044, 86.9162460143, 5
40.4309030045, 86.9162460145, 5
40.4309030046, 86.9162460149, 7
40.4309030046, 86.9162460152, 5
40.4309030047, 86.9162460154, 7
40.4309030083, 86.9162460225, 36
40.4309030133, 86.9162460287, 38
40.4309030183, 86.9162460342, 38
40.4309030234, 86.9162460407, 39
40.4309030000, 86.9162460000, 40.4309030044, 86.9162460101, 45
40.4309030074, 86.9162460216, 37
40.4309030087, 86.9162460357, 40
40.4309030071, 86.9162460505, 39
40.4309030029, 86.9162460652, 37
40.4309029959, 86.9162460832, 42
40.4309029884, 86.9162461002, 39
40.4309029809, 86.9162461212, 41
40.4309029744, 86.9162461405, 36
40.4309029696, 86.9162461625, 39
40.4309030000, 86.9162460000, 40.4309029964, 86.9162460251, 46
40.4309029963, 86.9162460258, 5
40.4309029962, 86.9162460265, 5
40.4309029960, 86.9162460278, 6
40.4309029959, 86.9162460284, 7
40.4309029958, 86.9162460291, 7
40.4309029957, 86.9162460297, 8
40.4309029956, 86.9162460304, 6
40.4309029954, 86.9162460317, 9
40.4309029954, 86.9162460324, 8
40.4309029953, 86.9162460330, 8
40.4309029952, 86.9162460337, 8
40.4309029951, 86.9162460343, 5
40.4309029949, 86.9162460357, 6
40.4309029948, 86.9162460363, 5
40.4309029948, 86.9162460370, 7
40.4309029947, 86.9162460376, 7
40.4309029945, 86.9162460390, 9
40.4309029944, 86.9162460396, 5
40.4309029942, 86.9162460409, 6
40.4309029942, 86.9162460416, 5
40.4309029941, 86.9162460423, 7
40.4309029940, 86.9162460429, 7
40.4309029939, 86.9162460436, 8
40.4309029938, 86.9162460443, 5
40.4309029937, 86.9162460456, 6
40.4309029936, 86.9162460462, 5
40.4309029934, 86.9162460475, 7
40.4309029933, 86.9162460482, 7
40.4309029931, 86.9162460495, 8
40.4309029929, 86.9162460508, 7
40.4309029928, 86.9162460515, 7
40.4309029928, 86.9162460521, 8
40.4309029927, 86.9162460528, 8
40.4309029926, 86.9162460535, 8
40.4309029925, 86.9162460541, 5
40.4309029924, 86.9162460548, 5
40.4309029923, 86.9162460555, 26
40.4309029921, 86.9162460568, 8
40.4309029919, 86.9162460581, 7
40.4309029918, 86.9162460588, 6
40.4309029917, 86.9162460595, 7
40.4309029877, 86.9162460797, 36
40.4309029834, 86.9162460996, 37
40.4309029791, 86.9162461179, 38
40.4309029738, 86.9162461366, 40
40.4309030000, 86.9162470000, 40.4309029943, 86.9162470245, 47
40.4309029909, 86.9162470457, 38
40.4309029876, 86.9162470701, 39
40.4309029847, 86.9162470968, 39
40.4309029809, 86.9162471200, 38
40.4309029725, 86.9162471443, 43
40.4309029610, 86.9162471655, 38
40.4309029442, 86.9162471894, 41
40.4309029263, 86.9162472134, 38
40.4309030000, 86.9162470000, 40.4309029766, 86.9162470285, 43
40.4309029760, 86.9162470292, 5
40.4309029754, 86.9162470300, 6
40.4309029741, 86.9162470315, 8
40.4309029735, 86.9162470322, 7
40.4309029729, 86.9162470330, 5
40.4309029723, 86.9162470338, 5
40.4309029716, 86.9162470345, 5
40.4309029710, 86.9162470353, 7
40.4309029698, 86.9162470368, 8
40.4309029692, 86.9162470376, 8
40.4309029685, 86.9162470384, 5
40.4309029679, 86.9162470391, 5
40.4309029667, 86.9162470407, 6
40.4309029661, 86.9162470415, 7
40.4309029655, 86.9162470423, 7
40.4309029649, 86.9162470431, 8
40.4309029642, 86.9162470438, 5
40.4309029636, 86.9162470446, 5
40.4309029630, 86.9162470454, 6
40.4309029624, 86.9162470462, 7
40.4309029618, 86.9162470470, 7
40.4309029612, 86.9162470478, 8
40.4309029605, 86.9162470486, 5
40.4309029593, 86.9162470502, 6
40.4309029586, 86.9162470509, 5
40.4309029580, 86.9162470517, 7
40.4309029573, 86.9162470525, 7
40.4309029560, 86.9162470541, 8
40.4309029553, 86.9162470548, 5
40.4309029547, 86.9162470556, 5
40.4309029540, 86.9162470564, 5
40.4309029526, 86.9162470579, 7
40.4309029520, 86.9162470587, 7
40.4309029513, 86.9162470595, 7
40.4309029506, 86.9162470603, 5
40.4309029499, 86.9162470611, 28
40.4309029492, 86.9162470618, 7
40.4309029478, 86.9162470634, 7
40.4309029471, 86.9162470642, 6
40.4309029464, 86.9162470650, 6
40.4309029457, 86.9162470658, 7
40.4309029450, 86.9162470666, 7
40.4309029443, 86.9162470674, 7
40.4309029428, 86.9162470690, 6
40.4309029414, 86.9162470706, 6
40.4309029399, 86.9162470722, 6
40.4309029121, 86.9162470969, 37
40.4309028791, 86.9162471210, 37
40.4309028400, 86.9162471464, 37
40.4309027913, 86.9162471727, 38
40.4309030000, 86.9162480000, 40.4309029293, 86.9162480332, 47
40.4309028671, 86.9162480594, 37
40.4309027941, 86.9162480841, 39
40.4309027148, 86.9162481053, 39
40.4309026334, 86.9162481231, 38
40.4309025423, 86.9162481367, 41
40.4309024477, 86.9162481428, 38
40.4309023334, 86.9162481422, 40
40.4309022241, 86.9162481360, 36
40.4309021037, 86.9162481252, 40
40.4309030000, 86.9162480000, 40.4309028506, 86.9162479889, 45
40.4309028466, 86.9162479886, 5
40.4309028427, 86.9162479883, 6
40.4309028348, 86.9162479877, 6
40.4309028309, 86.9162479875, 8
40.4309028269, 86.9162479872, 8
40.4309028230, 86.9162479869, 8
40.4309028190, 86.9162479866, 5
40.4309028150, 86.9162479863, 5
40.4309028071, 86.9162479858, 6
40.4309028031, 86.9162479855, 7
40.4309027992, 86.9162479852, 7
40.4309027912, 86.9162479847, 9
40.4309027872, 86.9162479844, 5
40.4309027833, 86.9162479841, 5
40.4309027753, 86.9162479836, 7
40.4309027713, 86.9162479833, 6
40.4309027674, 86.9162479831, 7
40.4309027595, 86.9162479826, 8
40.4309027555, 86.9162479824, 5
40.4309027476, 86.9162479819, 6
40.4309027437, 86.9162479817, 7
40.4309027398, 86.9162479815, 5
40.4309027319, 86.9162479811, 7
40.4309027280, 86.9162479809, 7
40.4309027202, 86.9162479805, 6
40.4309027124, 86.9162479800, 6
40.4309027085, 86.9162479798, 7
40.4309027047, 86.9162479796, 7
40.4309026969, 86.9162479793, 8
40.4309026892, 86.9162479789, 38
40.4309026853, 86.9162479787, 7
40.4309026815, 86.9162479786, 6
40.4309026738, 86.9162479782, 7
40.4309026700, 86.9162479781, 5
40.4309026662, 86.9162479779, 7
40.4309026624, 86.9162479778, 7
40.4309026586, 86.9162479776, 8
40.4309026548, 86.9162479775, 5
40.4309026472, 86.9162479772, 6
40.4309026397, 86.9162479769, 8
40.4309025279, 86.9162479695, 36
40.4309024177, 86.9162479613, 37
40.4309023122, 86.9162479504, 37
40.4309022051, 86.9162479304, 39
40.4309040000, 86.9162530000, 40.4309038746, 86.9162529629, 46
40.4309037738, 86.9162529261, 38
40.4309036696, 86.9162528793, 39
40.4309035744, 86.9162528333, 37
40.4309034643, 86.9162527856, 44
40.4309033554, 86.9162527455, 41
40.4309032489, 86.9162527133, 38
40.4309031326, 86.9162527012, 40
40.4309030259, 86.9162526998, 36
40.4309029063, 86.9162527114, 38
40.4309040000, 86.9162530000, 40.4309038647, 86.9162530382, 46
40.4309038612, 86.9162530393, 5
40.4309038576, 86.9162530403, 5
40.4309038541, 86.9162530414, 5
40.4309038470, 86.9162530435, 7
40.4309038434, 86.9162530446, 7
40.4309038399, 86.9162530457, 8
40.4309038363, 86.9162530468, 5
40.4309038328, 86.9162530479, 5
40.4309038257, 86.9162530502, 6
40.4309038222, 86.9162530513, 7
40.4309038187, 86.9162530525, 7
40.4309038152, 86.9162530536, 7
40.4309038116, 86.9162530548, 5
40.4309038081, 86.9162530559, 5
40.4309038046, 86.9162530570, 6
40.4309038011, 86.9162530582, 7
40.4309037975, 86.9162530593, 7
40.4309037940, 86.9162530605, 8
40.4309037905, 86.9162530616, 5
40.4309037870, 86.9162530627, 5
40.4309037800, 86.9162530650, 6
40.4309037765, 86.9162530661, 7
40.4309037729, 86.9162530673, 7
40.4309037694, 86.9162530684, 8
40.4309037659, 86.9162530695, 5
40.4309037589, 86.9162530718, 6
40.4309037519, 86.9162530741, 7
40.4309037448, 86.9162530763, 6
40.4309037413, 86.9162530775, 36
40.4309037343, 86.9162530798, 8
40.4309037308, 86.9162530809, 8
40.4309037273, 86.9162530821, 8
40.4309037237, 86.9162530832, 5
40.4309037202, 86.9162530844, 6
40.4309037131, 86.9162530868, 8
40.4309037096, 86.9162530880, 8
40.4309037061, 86.9162530892, 7
40.4309036989, 86.9162530916, 6
40.4309036954, 86.9162530929, 5
40.4309036918, 86.9162530941, 6
40.4309035786, 86.9162531403, 36
40.4309034613, 86.9162532001, 39
40.4309033490, 86.9162532775, 38
40.4309032377, 86.9162533548, 39
40.4309031279, 86.9162534425, 42
40.4309030338, 86.9162535345, 38
40.4309029441, 86.9162536311, 39
40.4309028700, 86.9162537179, 38
40.4309027934, 86.9162538086, 40
40.4309027315, 86.9162538837, 37
40.4309026659, 86.9162539691, 43
40.4309026080, 86.9162540479, 39
40.4309025530, 86.9162541235, 37
40.4309024964, 86.9162542102, 40
40.4309010000, 86.9162620000, 40.4309009322, 86.9162621325, 45
40.4309009305, 86.9162621360, 5
40.4309009269, 86.9162621431, 6
40.4309009251, 86.9162621467, 6
40.4309009233, 86.9162621503, 8
40.4309009215, 86.9162621539, 8
40.4309009197, 86.9162621575, 8
40.4309009179, 86.9162621611, 5
40.4309009160, 86.9162621647, 5
40.4309009142, 86.9162621684, 5
40.4309009123, 86.9162621721, 7
40.4309009105, 86.9162621758, 7
40.4309009068, 86.9162621832, 9
40.4309009049, 86.9162621869, 5
40.4309009030, 86.9162621907, 5
40.4309009011, 86.9162621945, 6
40.4309008992, 86.9162621983, 6
40.4309008974, 86.9162622021, 7
40.4309008955, 86.9162622060, 8
40.4309008936, 86.9162622098, 5
40.4309008898, 86.9162622176, 6
40.4309008879, 86.9162622215, 5
40.4309008860, 86.9162622254, 6
40.4309008841, 86.9162622294, 7
40.4309008822, 86.9162622333, 8
40.4309008803, 86.9162622373, 5
40.4309008765, 86.9162622452, 6
40.4309008746, 86.9162622491, 5
40.4309008727, 86.9162622531, 27
40.4309008707, 86.9162622571, 5
40.4309008669, 86.9162622650, 7
40.4309008650, 86.9162622690, 8
40.4309008631, 86.9162622730, 8
40.4309008611, 86.9162622770, 8
40.4309008592, 86.9162622811, 5
40.4309008573, 86.9162622851, 5
40.4309008553, 86.9162622891, 7
40.4309008534, 86.9162622931, 8
40.4309008515, 86.9162622972, 7
40.4309008496, 86.9162623013, 6
40.4309008476, 86.9162623053, 6
40.4309008457, 86.9162623094, 5
40.4309008438, 86.9162623135, 8
40.4309007853, 86.9162624595, 37
40.4309007312, 86.9162626306, 38
40.4309006797, 86.9162628064, 39
40.4309006236, 86.9162629884, 39
40.4308960000, 86.9162710000, 40.4308959430, 86.9162712408, 46
40.4308959024, 86.9162714491, 39
40.4308958610, 86.9162716727, 41
40.4308958278, 86.9162719070, 39
40.4308958026, 86.9162721352, 37
40.4308957782, 86.9162723819, 43
40.4308957614, 86.9162726050, 39
40.4308957496, 86.9162728458, 40
40.4308957423, 86.9162730540, 37
40.4308957402, 86.9162732755, 37
40.4308960000, 86.9162710000, 40.4308960040, 86.9162712470, 43
40.4308960041, 86.9162712537, 5
40.4308960042, 86.9162712604, 6
40.4308960043, 86.9162712671, 7
40.4308960044, 86.9162712737, 7
40.4308960046, 86.9162712804, 8
40.4308960047, 86.9162712871, 5
40.4308960048, 86.9162712938, 5
40.4308960051, 86.9162713072, 6
40.4308960052, 86.9162713139, 7
40.4308960054, 86.9162713205, 7
40.4308960055, 86.9162713272, 8
40.4308960057, 86.9162713339, 5
40.4308960060, 86.9162713474, 6
40.4308960061, 86.9162713541, 5
40.4308960064, 86.9162713676, 7
40.4308960066, 86.9162713743, 7
40.4308960068, 86.9162713811, 8
40.4308960069, 86.9162713879, 5
40.4308960071, 86.9162713946, 5
40.4308960073, 86.9162714015, 5
40.4308960074, 86.9162714083, 7
40.4308960078, 86.9162714220, 8
40.4308960079, 86.9162714289, 8
40.4308960081, 86.9162714358, 5
40.4308960083, 86.9162714427, 28
40.4308960085, 86.9162714496, 7
40.4308960086, 86.9162714565, 6
40.4308960088, 86.9162714634, 6
40.4308960089, 86.9162714704, 6
40.4308960091, 86.9162714773, 7
40.4308960093, 86.9162714843, 7
40.4308960096, 86.9162714983, 8
40.4308960097, 86.9162715053, 5
40.4308960099, 86.9162715123, 5
40.4308960101, 86.9162715194, 7
40.4308960102, 86.9162715264, 8
40.4308960104, 86.9162715335, 7
40.4308960106, 86.9162715405, 5
40.4308960107, 86.9162715476, 5
40.4308960109, 86.9162715547, 5
40.4308960112, 86.9162715689, 8
40.4308960178, 86.9162718077, 38
40.4308960242, 86.9162720494, 38
40.4308960289, 86.9162722846, 39
40.4308960306, 86.9162725270, 39
40.4308890000, 86.9162790000, 40.4308890008, 86.9162792920, 46
40.4308890020, 86.9162795578, 40
40.4308890007, 86.9162798438, 39
40.4308889985, 86.9162801403, 38
40.4308890023, 86.9162804316, 37
40.4308890116, 86.9162807601, 42
40.4308890205, 86.9162810695, 40
40.4308890353, 86.9162814162, 42
40.4308890532, 86.9162817222, 36
40.4308890751, 86.9162820406, 37
40.4308890000, 86.9162790000, 40.4308890289, 86.9162793737, 43
40.4308890296, 86.9162793836, 5
40.4308890311, 86.9162794032, 7
40.4308890319, 86.9162794130, 7
40.4308890335, 86.9162794327, 8
40.4308890342, 86.9162794425, 7
40.4308890350, 86.9162794523, 5
40.4308890358, 86.9162794621, 5
40.4308890374, 86.9162794818, 6
40.4308890381, 86.9162794916, 7
40.4308890389, 86.9162795014, 7
40.4308890397, 86.9162795112, 7
40.4308890405, 86.9162795211, 5
40.4308890421, 86.9162795407, 6
40.4308890429, 86.9162795506, 6
40.4308890445, 86.9162795703, 7
40.4308890453, 86.9162795801, 7
40.4308890461, 86.9162795900, 7
40.4308890478, 86.9162796097, 6
40.4308890486, 86.9162796196, 5
40.4308890502, 86.9162796394, 6
40.4308890511, 86.9162796493, 6
40.4308890519, 86.9162796592, 7
40.4308890527, 86.9162796691, 7
40.4308890535, 86.9162796790, 8
40.4308890543, 86.9162796889, 8
40.4308890552, 86.9162796988, 6
40.4308890560, 86.9162797087, 6
40.4308890568, 86.9162797186, 7
40.4308890576, 86.9162797286, 7
40.4308890584, 86.9162797385, 7
40.4308890591, 86.9162797485, 6
40.4308890599, 86.9162797584, 5
40.4308890607, 86.9162797684, 5
40.4308890615, 86.9162797784, 8
40.4308890623, 86.9162797884, 7
40.4308890630, 86.9162797985, 7
40.4308890638, 86.9162798085, 5
40.4308890646, 86.9162798186, 5
40.4308890661, 86.9162798387, 8
40.4308890845, 86.9162801687, 36
40.4308891091, 86.9162805146, 37
40.4308891403, 86.9162808678, 38
40.4308891750, 86.9162812373, 40
40.4308820000, 86.9162860000, 40.4308820463, 86.9162864456, 45
40.4308820853, 86.9162868291, 40
40.4308821256, 86.9162872334, 39
40.4308821623, 86.9162876555, 39
40.4308821884, 86.9162880485, 39
40.4308822098, 86.9162884782, 40
40.4308822310, 86.9162888963, 37
40.4308822604, 86.9162893742, 42
40.4308822925, 86.9162898202, 36
40.4308823291, 86.9162902820, 38
40.4308820000, 86.9162860000, 40.4308820539, 86.9162865426, 45
40.4308820553, 86.9162865569, 5
40.4308820568, 86.9162865712, 5
40.4308820597, 86.9162865998, 8
40.4308820611, 86.9162866141, 7
40.4308820626, 86.9162866284, 6
40.4308820641, 86.9162866427, 6
40.4308820656, 86.9162866571, 5
40.4308820671, 86.9162866714, 5
40.4308820701, 86.9162867000, 8
40.4308820716, 86.9162867143, 7
40.4308820731, 86.9162867286, 6
40.4308820746, 86.9162867429, 7
40.4308820761, 86.9162867572, 5
40.4308820776, 86.9162867715, 5
40.4308820792, 86.9162867858, 7
40.4308820807, 86.9162868000, 7
40.4308820823, 86.9162868143, 7
40.4308820839, 86.9162868286, 6
40.4308820854, 86.9162868428, 5
40.4308820870, 86.9162868571, 5
40.4308820902, 86.9162868855, 8
40.4308820918, 86.9162868998, 7
40.4308820934, 86.9162869140, 36
40.4308820950, 86.9162869282, 6
40.4308820966, 86.9162869425, 7
40.4308820983, 86.9162869567, 8
40.4308820999, 86.9162869709, 6
40.4308821015, 86.9162869852, 5
40.4308821031, 86.9162869994, 8
40.4308821048, 86.9162870137, 8
40.4308821064, 86.9162870279, 8
40.4308821081, 86.9162870422, 5
40.4308821113, 86.9162870708, 6
40.4308821146, 86.9162870994, 7
40.4308821180, 86.9162871280, 7
40.4308821196, 86.9162871423, 7
40.4308821230, 86.9162871710, 8
40.4308821263, 86.9162871998, 6
40.4308821296, 86.9162872285, 6
40.4308821313, 86.9162872429, 7
40.4308821835, 86.9162877013, 36
40.4308822425, 86.9162881718, 37
40.4308823040, 86.9162886450, 39
40.4308823650, 86.9162891319, 41
40.4308730000, 86.9162920000, 40.4308730842, 86.9162925784, 46
40.4308731575, 86.9162930683, 40
40.4308732421, 86.9162935964, 39
40.4308733309, 86.9162941293, 38
40.4308734171, 86.9162946351, 38
40.4308735119, 86.9162951772, 40
40.4308735996, 86.9162956885, 38
40.4308736927, 86.9162962601, 42
40.4308737773, 86.9162967968, 36
40.4308738606, 86.9162973355, 37
40.4308730000, 86.9162920000, 40.4308731089, 86.9162926591, 44
40.4308731118, 86.9162926765, 5
40.4308731146, 86.9162926938, 5
40.4308731175, 86.9162927112, 7
40.4308731204, 86.9162927286, 7
40.4308731234, 86.9162927461, 5
40.4308731293, 86.9162927810, 8
40.4308731322, 86.9162927985, 5
40.4308731382, 86.9162928335, 6
40.4308731412, 86.9162928510, 7
40.4308731472, 86.9162928861, 8
40.4308731533, 86.9162929212, 8
40.4308731563, 86.9162929387, 5
40.4308731594, 86.9162929563, 5
40.4308731624, 86.9162929738, 6
40.4308731655, 86.9162929914, 8
40.4308731685, 86.9162930089, 8
40.4308731716, 86.9162930265, 8
40.4308731747, 86.9162930440, 5
40.4308731809, 86.9162930792, 6
40.4308731840, 86.9162930968, 5
40.4308731903, 86.9162931319, 7
40.4308731934, 86.9162931495, 7
40.4308731966, 86.9162931671, 37
40.4308731998, 86.9162931847, 8
40.4308732061, 86.9162932198, 8
40.4308732093, 86.9162932374, 6
40.4308732125, 86.9162932550, 5
40.4308732157, 86.9162932725, 7
40.4308732189, 86.9162932901, 7
40.4308732221, 86.9162933076, 7
40.4308732253, 86.9162933251, 5
40.4308732286, 86.9162933426, 5
40.4308732318, 86.9162933602, 6
40.4308732350, 86.9162933777, 7
40.4308732382, 86.9162933952, 7
40.4308732415, 86.9162934127, 8
40.4308732447, 86.9162934302, 5
40.4308732512, 86.9162934651, 6
40.4308732544, 86.9162934826, 5
40.4308733619, 86.9162940388, 37
40.4308734753, 86.9162946181, 39
40.4308735878, 86.9162951920, 37
40.4308737094, 86.9162958011, 38
40.4308738479, 86.9162964784, 43
40.4308739748, 86.9162971005, 38
40.4308741140, 86.9162977695, 40
40.4308742420, 86.9162983675, 39
40.4308743868, 86.9162990431, 40
40.4308745181, 86.9162996438, 36
40.4308746824, 86.9163003478, 42
40.4308748518, 86.9163010360, 40
40.4308750231, 86.9163016949, 37
40.4308752007, 86.9163023418, 40
40.4308630000, 86.9162960000, 40.4308632228, 86.9162967733, 45
40.4308632287, 86.9162967937, 5
40.4308632346, 86.9162968140, 5
40.4308632464, 86.9162968548, 7
40.4308632523, 86.9162968751, 8
40.4308632582, 86.9162968955, 8
40.4308632641, 86.9162969158, 8
40.4308632701, 86.9162969362, 5
40.4308632820, 86.9162969769, 6
40.4308632880, 86.9162969972, 5
40.4308632940, 86.9162970176, 7
40.4308633000, 86.9162970379, 7
40.4308633060, 86.9162970583, 7
40.4308633120, 86.9162970786, 5
40.4308633180, 86.9162970990, 5
40.4308633241, 86.9162971194, 5
40.4308633302, 86.9162971399, 7
40.4308633363, 86.9162971603, 7
40.4308633486, 86.9162972012, 8
40.4308633547, 86.9162972217, 5
40.4308633671, 86.9162972626, 6
40.4308633734, 86.9162972831, 5
40.4308633796, 86.9162973036, 6
40.4308633859, 86.9162973240, 37
40.4308633921, 86.9162973445, 8
40.4308633984, 86.9162973650, 8
40.4308634047, 86.9162973855, 8
40.4308634110, 86.9162974059, 6
40.4308634173, 86.9162974264, 6
40.4308634236, 86.9162974468, 7
40.4308634299, 86.9162974673, 7
40.4308634363, 86.9162974877, 7
40.4308634490, 86.9162975285, 6
40.4308634617, 86.9162975693, 6
40.4308634681, 86.9162975897, 6
40.4308634745, 86.9162976100, 7
40.4308634809, 86.9162976303, 7
40.4308634937, 86.9162976710, 8
40.4308635002, 86.9162976912, 6
40.4308635066, 86.9162977115, 5
40.4308635131, 86.9162977318, 7
40.4308637391, 86.9162983890, 37
40.4308639717, 86.9162990144, 37
40.4308642128, 86.9162996279, 39
40.4308644701, 86.9163002546, 41
40.4308530000, 86.9162960000, 40.4308533077, 86.9162967219, 46
40.4308535755, 86.9162973332, 40
40.4308538685, 86.9162979834, 39
40.4308541379, 86.9162985731, 36
40.4308544638, 86.9162992562, 41
40.4308547853, 86.9162998978, 41
40.4308550978, 86.9163004938, 38
40.4308554636, 86.9163011544, 43
40.4308557892, 86.9163017180, 36
40.4308561451, 86.9163023142, 38
40.4308530000, 86.9162960000, 40.4308534231, 86.9162966887, 43
40.4308534342, 86.9162967068, 5
40.4308534453, 86.9162967249, 5
40.4308534565, 86.9162967430, 7
40.4308534677, 86.9162967612, 7
40.4308534788, 86.9162967793, 7
40.4308534900, 86.9162967974, 5
40.4308535012, 86.9162968156, 5
40.4308535124, 86.9162968337, 5
40.4308535348, 86.9162968700, 8
40.4308535572, 86.9162969063, 10
40.4308535684, 86.9162969245, 8
40.4308535796, 86.9162969426, 5
40.4308535909, 86.9162969608, 5
40.4308536021, 86.9162969790, 5
40.4308536246, 86.9162970153, 8
40.4308536358, 86.9162970335, 7
40.4308536471, 86.9162970517, 8
40.4308536696, 86.9162970880, 7
40.4308536809, 86.9162971062, 5
40.4308536922, 86.9162971244, 7
40.4308537035, 86.9162971426, 5
40.4308537148, 86.9162971608, 26
40.4308537262, 86.9162971790, 5
40.4308537375, 86.9162971972, 8
40.4308537489, 86.9162972154, 8
40.4308537602, 86.9162972335, 8
40.4308537716, 86.9162972517, 6
40.4308537830, 86.9162972699, 5
40.4308537944, 86.9162972881, 7
40.4308538058, 86.9162973062, 5
40.4308538173, 86.9162973244, 6
40.4308538287, 86.9162973425, 7
40.4308538516, 86.9162973788, 7
40.4308538631, 86.9162973970, 5
40.4308538861, 86.9162974332, 9
40.4308538977, 86.9162974514, 8
40.4308539092, 86.9162974695, 8
40.4308539207, 86.9162974876, 5
40.4308539323, 86.9162975058, 6
40.4308539555, 86.9162975420, 6
40.4308539671, 86.9162975601, 7
40.4308539787, 86.9162975782, 7
40.4308543627, 86.9162981449, 39
40.4308547719, 86.9162987181, 38
40.4308551769, 86.9162992649, 37
40.4308556023, 86.9162998227, 38
40.4308420000, 86.9162930000, 40.4308424962, 86.9162936360, 46
40.4308429175, 86.9162941715, 39
40.4308433799, 86.9162947594, 40
40.4308437933, 86.9162952830, 36
40.4308442791, 86.9162958883, 40
40.4308447429, 86.9162964528, 39
40.4308451871, 86.9162969854, 39
40.4308457003, 86.9162975932, 42
40.4308461452, 86.9162981177, 38
40.4308466222, 86.9162986730, 38
40.4308420000, 86.9162930000, 40.4308425501, 86.9162936360, 43
40.4308425790, 86.9162936695, 8
40.4308425935, 86.9162936862, 7
40.4308426080, 86.9162937029, 5
40.4308426225, 86.9162937197, 7
40.4308426369, 86.9162937364, 5
40.4308426659, 86.9162937699, 6
40.4308426804, 86.9162937866, 7
40.4308426948, 86.9162938033, 5
40.4308427093, 86.9162938200, 6
40.4308427238, 86.9162938368, 7
40.4308427528, 86.9162938702, 6
40.4308427673, 86.9162938870, 5
40.4308427818, 86.9162939037, 7
40.4308427963, 86.9162939204, 5
40.4308428253, 86.9162939539, 7
40.4308428398, 86.9162939706, 7
40.4308428543, 86.9162939874, 5
40.4308428833, 86.9162940208, 6
40.4308429124, 86.9162940543, 35
40.4308429269, 86.9162940711, 5
40.4308429414, 86.9162940878, 6
40.4308429560, 86.9162941045, 8
40.4308429705, 86.9162941213, 8
40.4308429850, 86.9162941380, 8
40.4308429996, 86.9162941548, 5
40.4308430141, 86.9162941715, 5
40.4308430432, 86.9162942050, 8
40.4308430578, 86.9162942218, 6
40.4308430724, 86.9162942385, 6
40.4308430870, 86.9162942553, 8
40.4308431016, 86.9162942721, 6
40.4308431162, 86.9162942889, 5
40.4308431308, 86.9162943057, 7
40.4308431454, 86.9162943225, 5
40.4308431748, 86.9162943561, 7
40.4308432042, 86.9162943897, 8
40.4308432189, 86.9162944065, 5
40.4308432483, 86.9162944400, 6
40.4308432630, 86.9162944568, 7
40.4308437497, 86.9162949933, 37
40.4308442546, 86.9162955283, 37
40.4308447701, 86.9162960482, 39
40.4308453147, 86.9162965704, 40
40.4308340000, 86.9162890000, 40.4308346631, 86.9162896034, 46
40.4308352172, 86.9162900837, 39
40.4308358368, 86.9162905935, 40
40.4308363925, 86.9162910346, 36
40.4308370441, 86.9162915370, 42
40.4308376822, 86.9162920277, 40
40.4308382811, 86.9162924872, 38
40.4308389399, 86.9162929937, 42
40.4308395136, 86.9162934305, 36
40.4308401248, 86.9162938877, 37
40.4308340000, 86.9162890000, 40.4308347130, 86.9162895261, 44
40.4308347317, 86.9162895399, 5
40.4308347693, 86.9162895676, 6
40.4308347881, 86.9162895815, 7
40.4308348069, 86.9162895953, 7
40.4308348257, 86.9162896092, 5
40.4308348634, 86.9162896369, 7
40.4308349011, 86.9162896645, 6
40.4308349199, 86.9162896783, 5
40.4308349388, 86.9162896921, 8
40.4308349765, 86.9162897197, 9
40.4308349954, 86.9162897335, 8
40.4308350142, 86.9162897472, 5
40.4308350331, 86.9162897610, 5
40.4308350519, 86.9162897747, 6
40.4308350708, 86.9162897884, 7
40.4308351085, 86.9162898159, 8
40.4308351274, 86.9162898296, 7
40.4308351651, 86.9162898570, 6
40.4308351840, 86.9162898707, 37
40.4308352029, 86.9162898844, 5
40.4308352218, 86.9162898980, 6
40.4308352407, 86.9162899117, 6
40.4308352784, 86.9162899390, 8
40.4308352973, 86.9162899527, 7
40.4308353162, 86.9162899663, 7
40.4308353351, 86.9162899800, 6
40.4308353540, 86.9162899936, 6
40.4308353729, 86.9162900073, 6
40.4308354107, 86.9162900346, 8
40.4308354296, 86.9162900482, 7
40.4308354674, 86.9162900756, 7
40.4308354863, 86.9162900892, 5
40.4308355052, 86.9162901029, 6
40.4308355241, 86.9162901166, 8
40.4308355619, 86.9162901441, 9
40.4308355809, 86.9162901578, 8
40.4308355998, 86.9162901715, 5
40.4308356187, 86.9162901853, 5
40.4308356376, 86.9162901990, 7
40.4308362283, 86.9162906357, 36
40.4308368679, 86.9162911128, 38
40.4308374938, 86.9162915739, 37
40.4308381246, 86.9162920312, 37
40.4308260000, 86.9162840000, 40.4308267575, 86.9162845403, 45
40.4308274237, 86.9162850096, 38
40.4308281158, 86.9162854862, 39
40.4308287490, 86.9162859105, 38
40.4308294923, 86.9162864011, 43
40.4308301396, 86.9162868190, 38
40.4308308750, 86.9162872811, 42
40.4308316361, 86.9162877547, 40
40.4308323067, 86.9162881690, 37
40.4308329883, 86.9162885961, 38
40.4308260000, 86.9162840000, 40.4308267716, 86.9162845056, 45
40.4308267925, 86.9162845192, 5
40.4308268134, 86.9162845329, 5
40.4308268551, 86.9162845604, 6
40.4308268968, 86.9162845879, 8
40.4308269177, 86.9162846016, 7
40.4308269595, 86.9162846291, 8
40.4308270012, 86.9162846566, 6
40.4308270429, 86.9162846841, 6
40.4308270638, 86.9162846979, 7
40.4308270847, 86.9162847117, 5
40.4308271055, 86.9162847255, 7
40.4308271264, 86.9162847393, 7
40.4308271473, 86.9162847531, 5
40.4308271681, 86.9162847669, 5
40.4308271890, 86.9162847807, 5
40.4308272099, 86.9162847945, 6
40.4308272309, 86.9162848084, 7
40.4308272518, 86.9162848223, 8
40.4308272727, 86.9162848362, 5
40.4308272936, 86.9162848500, 7
40.4308273146, 86.9162848639, 6
40.4308273564, 86.9162848917, 7
40.4308273773, 86.9162849056, 6
40.4308273983, 86.9162849195, 8
40.4308274192, 86.9162849333, 7
40.4308274611, 86.9162849611, 8
40.4308274820, 86.9162849750, 6
40.4308275029, 86.9162849888, 5
40.4308275239, 86.9162850027, 7
40.4308275448, 86.9162850166, 8
40.4308275657, 86.9162850305, 7
40.4308275867, 86.9162850444, 5
40.4308276286, 86.9162850721, 6
40.4308276704, 86.9162850998, 7
40.4308276914, 86.9162851137, 7
40.4308277333, 86.9162851414, 8
40.4308277542, 86.9162851552, 8
40.4308277751, 86.9162851690, 5
40.4308278170, 86.9162851967, 6
40.4308278380, 86.9162852105, 5
40.4308285088, 86.9162856495, 37
40.4308291976, 86.9162860990, 39
40.4308298903, 86.9162865576, 38
40.4308305889, 86.9162870212, 38
40.4308313358, 86.9162875131, 42
40.4308320469, 86.9162879837, 38
40.4308328123, 86.9162884902, 40
40.4308334959, 86.9162889406, 39
40.4308342754, 86.9162894452, 41
40.4308349724, 86.9162898898, 37
40.4308357900, 86.9162903976, 43
40.4308365709, 86.9162908743, 39
40.4308373331, 86.9162913323, 37
40.4308380964, 86.9162917852, 40
40.4308190000, 86.9162780000, 40.4308198880, 86.9162785271, 45
40.4308199113, 86.9162785410, 5
40.4308199347, 86.9162785549, 5
40.4308199815, 86.9162785827, 6
40.4308200284, 86.9162786104, 8
40.4308200518, 86.9162786243, 7
40.4308200987, 86.9162786520, 9
40.4308201222, 86.9162786659, 5
40.4308201457, 86.9162786797, 5
40.4308201692, 86.9162786936, 5
40.4308201927, 86.9162787074, 7
40.4308202162, 86.9162787213, 7
40.4308202397, 86.9162787351, 8
40.4308202632, 86.9162787490, 5
40.4308202867, 86.9162787629, 5
40.4308203102, 86.9162787767, 6
40.4308203337, 86.9162787906, 6
40.4308203807, 86.9162788183, 8
40.4308204042, 86.9162788322, 7
40.4308204277, 86.9162788461, 27
40.4308204511, 86.9162788600, 7
40.4308204746, 86.9162788739, 8
40.4308204981, 86.9162788878, 6
40.4308205215, 86.9162789017, 5
40.4308205450, 86.9162789156, 7
40.4308205684, 86.9162789296, 8
40.4308205919, 86.9162789435, 7
40.4308206153, 86.9162789575, 5
40.4308206622, 86.9162789855, 6
40.4308207090, 86.9162790134, 7
40.4308207324, 86.9162790274, 7
40.4308207558, 86.9162790414, 7
40.4308207792, 86.9162790554, 8
40.4308208026, 86.9162790694, 5
40.4308208494, 86.9162790973, 6
40.4308208728, 86.9162791113, 6
40.4308208962, 86.9162791253, 6
40.4308209195, 86.9162791393, 7
40.4308209663, 86.9162791673, 8
40.4308209897, 86.9162791812, 5
40.4308210130, 86.9162791952, 5
40.4308210597, 86.9162792232, 6
40.4308211065, 86.9162792511, 7
40.4308218535, 86.9162796936, 37
40.4308226073, 86.9162801398, 37
40.4308233665, 86.9162805864, 39
40.4308241530, 86.9162810490, 38
40.4308100000, 86.9162700000, 40.4308109343, 86.9162705489, 46
40.4308117312, 86.9162710174, 40
40.4308125694, 86.9162715067, 39
40.4308133375, 86.9162719484, 36
40.4308142140, 86.9162724517, 40
40.4308150770, 86.9162729488, 41
40.4308158930, 86.9162734122, 40
40.4308168187, 86.9162739237, 42
40.4308176184, 86.9162743528, 37
40.4308184723, 86.9162747955, 37
40.4308100000, 86.9162700000, 40.4308109608, 86.9162704792, 42
40.4308109867, 86.9162704922, 5
40.4308110127, 86.9162705051, 6
40.4308110387, 86.9162705180, 7
40.4308110646, 86.9162705310, 7
40.4308110906, 86.9162705439, 7
40.4308111166, 86.9162705568, 5
40.4308111685, 86.9162705827, 6
40.4308111945, 86.9162705956, 5
40.4308112205, 86.9162706086, 6
40.4308112465, 86.9162706215, 7
40.4308112985, 86.9162706475, 8
40.4308113244, 86.9162706604, 5
40.4308113764, 86.9162706864, 6
40.4308114024, 86.9162706994, 6
40.4308114284, 86.9162707124, 6
40.4308114544, 86.9162707254, 37
40.4308114805, 86.9162707384, 7
40.4308115065, 86.9162707514, 8
40.4308115325, 86.9162707644, 8
40.4308115585, 86.9162707774, 5
40.4308115845, 86.9162707904, 6
40.4308116366, 86.9162708164, 8
40.4308116626, 86.9162708294, 7
40.4308117147, 86.9162708554, 8
40.4308117407, 86.9162708684, 5
40.4308117667, 86.9162708815, 5
40.4308117928, 86.9162708945, 6
40.4308118188, 86.9162709075, 7
40.4308118449, 86.9162709206, 7
40.4308118710, 86.9162709336, 7
40.4308119231, 86.9162709598, 6
40.4308119492, 86.9162709728, 5
40.4308119753, 86.9162709859, 7
40.4308120014, 86.9162709990, 6
40.4308120276, 86.9162710121, 6
40.4308120537, 86.9162710252, 7
40.4308120798, 86.9162710383, 5
40.4308121320, 86.9162710644, 6
40.4308121581, 86.9162710775, 6
40.4308129937, 86.9162714934, 37
40.4308138562, 86.9162719233, 38
40.4308146937, 86.9162723429, 37
40.4308155585, 86.9162727806, 38
40.4308020000, 86.9162630000, 40.4308029696, 86.9162634952, 45
40.4308038352, 86.9162639372, 38
40.4308047572, 86.9162643980, 40
40.4308055793, 86.9162648010, 38
40.4308065229, 86.9162652560, 42
40.4308073651, 86.9162656573, 38
40.4308083535, 86.9162661258, 42
40.4308093486, 86.9162665875, 41
40.4308102386, 86.9162669899, 37
40.4308111629, 86.9162673996, 38
40.4308020000, 86.9162630000, 40.4308030773, 86.9162634726, 45
40.4308031340, 86.9162634975, 6
40.4308031624, 86.9162635099, 5
40.4308031907, 86.9162635223, 6
40.4308032475, 86.9162635472, 8
40.4308032759, 86.9162635596, 7
40.4308033043, 86.9162635721, 7
40.4308033327, 86.9162635845, 5
40.4308033611, 86.9162635969, 5
40.4308033895, 86.9162636093, 5
40.4308034179, 86.9162636218, 7
40.4308034463, 86.9162636342, 7
40.4308034747, 86.9162636466, 8
40.4308035031, 86.9162636591, 5
40.4308035316, 86.9162636715, 5
40.4308035600, 86.9162636840, 5
40.4308036168, 86.9162637090, 37
40.4308036452, 86.9162637215, 5
40.4308036736, 86.9162637340, 8
40.4308037305, 86.9162637590, 9
40.4308037589, 86.9162637716, 8
40.4308037874, 86.9162637841, 6
40.4308038158, 86.9162637967, 5
40.4308038442, 86.9162638092, 7
40.4308038727, 86.9162638218, 6
40.4308039011, 86.9162638343, 7
40.4308039295, 86.9162638468, 7
40.4308039864, 86.9162638719, 7
40.4308040149, 86.9162638845, 5
40.4308040433, 86.9162638970, 7
40.4308040717, 86.9162639095, 8
40.4308041002, 86.9162639220, 8
40.4308041286, 86.9162639346, 5
40.4308041855, 86.9162639596, 6
40.4308042424, 86.9162639846, 6
40.4308042708, 86.9162639971, 6
40.4308042993, 86.9162640096, 7
40.4308043277, 86.9162640221, 7
40.4308043562, 86.9162640346, 5
40.4308044131, 86.9162640596, 6
40.4308044416, 86.9162640720, 6
40.4308044701, 86.9162640845, 6
40.4308054100, 86.9162644930, 38
40.4308063184, 86.9162648808, 37
40.4308071968, 86.9162652625, 37
40.4308081279, 86.9162656698, 38
40.4307940000, 86.9162550000, 40.4307950940, 86.9162554779, 46
40.4307960189, 86.9162558908, 39
40.4307970032, 86.9162563417, 41
40.4307978839, 86.9162567545, 36
40.4307989179, 86.9162572468, 41
40.4307999003, 86.9162577183, 42
40.4308008290, 86.9162581642, 39
40.4308018792, 86.9162586708, 41
40.4308027858, 86.9162591065, 36
40.4308037235, 86.9162595513, 37
40.4307940000, 86.9162550000, 40.4307951186, 86.9162555260, 43
40.4307951480, 86.9162555398, 5
40.4307952069, 86.9162555675, 6
40.4307952659, 86.9162555952, 7
40.4307953248, 86.9162556229, 8
40.4307953543, 86.9162556367, 7
40.4307953838, 86.9162556506, 5
40.4307954427, 86.9162556783, 6
40.4307954722, 86.9162556921, 7
40.4307955017, 86.9162557059, 5
40.4307955607, 86.9162557336, 7
40.4307955902, 86.9162557474, 7
40.4307956492, 86.9162557750, 6
40.4307956787, 86.9162557888, 5
40.4307957082, 86.9162558026, 7
40.4307957377, 86.9162558164, 6
40.4307957671, 86.9162558302, 6
40.4307957966, 86.9162558440, 8
40.4307958261, 86.9162558578, 8
40.4307958556, 86.9162558716, 8
40.4307958851, 86.9162558854, 5
40.4307959441, 86.9162559131, 6
40.4307960031, 86.9162559407, 8
40.4307960326, 86.9162559545, 6
40.4307960916, 86.9162559822, 7
40.4307961506, 86.9162560098, 8
40.4307961801, 86.9162560237, 6
40.4307962391, 86.9162560513, 6
40.4307962686, 86.9162560652, 7
40.4307963275, 86.9162560929, 8
40.4307963570, 86.9162561068, 7
40.4307963865, 86.9162561207, 5
40.4307964455, 86.9162561485, 6
40.4307964749, 86.9162561624, 5
40.4307965339, 86.9162561902, 8
40.4307965928, 86.9162562181, 8
40.4307966223, 86.9162562320, 8
40.4307966517, 86.9162562459, 5
40.4307966812, 86.9162562599, 6
40.4307967106, 86.9162562738, 5
40.4307967695, 86.9162563018, 7
40.4307977114, 86.9162567535, 38
40.4307986817, 86.9162572256, 38
40.4307996181, 86.9162576815, 38
40.4308005797, 86.9162581499, 38
40.4307860000, 86.9162460000, 40.4307871314, 86.9162465496, 46
40.4307880853, 86.9162470121, 39
40.4307890948, 86.9162475085, 41
40.4307899864, 86.9162479529, 35
40.4307910233, 86.9162484791, 41
40.4307920047, 86.9162489797, 42
40.4307929278, 86.9162494542, 39
40.4307939393, 86.9162499817, 40
40.4307948331, 86.9162504492, 36
40.4307957837, 86.9162509455, 38
40.4307860000, 86.9162460000, 40.4307870950, 86.9162465673, 43
40.4307871238, 86.9162465822, 5
40.4307871526, 86.9162465971, 5
40.4307872102, 86.9162466270, 8
40.4307872391, 86.9162466419, 7
40.4307872679, 86.9162466568, 8
40.4307872967, 86.9162466717, 5
40.4307873255, 86.9162466866, 5
40.4307873832, 86.9162467164, 6
40.4307874120, 86.9162467313, 7
40.4307874408, 86.9162467462, 7
40.4307874697, 86.9162467611, 8
40.4307874985, 86.9162467760, 5
40.4307875562, 86.9162468058, 6
40.4307875850, 86.9162468206, 35
40.4307876139, 86.9162468355, 5
40.4307876715, 86.9162468653, 7
40.4307877004, 86.9162468801, 8
40.4307877292, 86.9162468950, 8
40.4307877581, 86.9162469099, 8
40.4307878157, 86.9162469396, 6
40.4307878446, 86.9162469545, 6
40.4307878734, 86.9162469693, 7
40.4307879022, 86.9162469842, 6
40.4307879311, 86.9162469990, 6
40.4307879887, 86.9162470288, 8
40.4307880175, 86.9162470436, 5
40.4307880464, 86.9162470585, 5
40.4307881040, 86.9162470883, 9
40.4307881329, 86.9162471031, 8
40.4307881617, 86.9162471180, 8
40.4307881905, 86.9162471329, 6
40.4307882194, 86.9162471478, 5
40.4307882770, 86.9162471776, 6
40.4307883346, 86.9162472074, 7
40.4307883634, 86.9162472224, 7
40.4307884210, 86.9162472522, 8
40.4307884498, 86.9162472671, 5
40.4307884786, 86.9162472820, 5
40.4307885074, 86.9162472970, 5
40.4307894016, 86.9162477731, 36
40.4307903480, 86.9162482800, 39
40.4307912629, 86.9162487681, 37
40.4307922081, 86.9162492731, 38
40.4307790000, 86.9162380000, 40.4307800914, 86.9162385839, 46
40.4307810089, 86.9162390721, 37
40.4307819821, 86.9162395847, 39
40.4307828672, 86.9162400470, 38
40.4307838626, 86.9162405669, 42
40.4307848271, 86.9162410798, 41
40.4307857349, 86.9162415721, 39
40.4307867290, 86.9162421224, 39
40.4307876119, 86.9162426184, 36
40.4307885561, 86.9162431591, 39
40.4307790000, 86.9162380000, 40.4307800946, 86.9162386310, 46
40.4307801234, 86.9162386476, 5
40.4307801522, 86.9162386642, 5
40.4307802098, 86.9162386974, 6
40.4307802386, 86.9162387140, 7
40.4307802675, 86.9162387306, 7
40.4307802963, 86.9162387473, 8
40.4307803251, 86.9162387639, 5
40.4307803539, 86.9162387805, 5
40.4307804116, 86.9162388138, 6
40.4307804404, 86.9162388305, 7
40.4307804693, 86.9162388471, 7
40.4307804981, 86.9162388638, 8
40.4307805270, 86.9162388804, 5
40.4307805559, 86.9162388971, 37
40.4307805847, 86.9162389138, 5
40.4307806136, 86.9162389304, 6
40.4307806425, 86.9162389471, 6
40.4307806713, 86.9162389637, 7
40.4307807002, 86.9162389804, 7
40.4307807291, 86.9162389970, 7
40.4307807580, 86.9162390136, 6
40.4307808157, 86.9162390469, 6
40.4307808735, 86.9162390801, 8
40.4307809024, 86.9162390968, 7
40.4307809603, 86.9162391300, 8
40.4307809892, 86.9162391467, 5
40.4307810181, 86.9162391633, 5
40.4307810470, 86.9162391799, 6
40.4307811049, 86.9162392132, 9
40.4307811338, 86.9162392298, 8
40.4307811627, 86.9162392464, 8
40.4307811916, 86.9162392630, 5
40.4307812495, 86.9162392962, 6
40.4307812784, 86.9162393128, 7
40.4307813074, 86.9162393294, 6
40.4307813363, 86.9162393460, 7
40.4307813652, 86.9162393626, 7
40.4307813942, 86.9162393792, 5
40.4307814520, 86.9162394123, 6
40.4307814810, 86.9162394289, 5
40.4307823798, 86.9162399471, 36
40.4307833093, 86.9162404829, 39
40.4307842695, 86.9162410497, 38
40.4307852095, 86.9162416166, 38
40.4307720000, 86.9162300000, 40.4307730869, 86.9162306600, 45
40.4307740570, 86.9162312522, 38
40.4307750615, 86.9162318695, 39
40.4307759834, 86.9162324421, 38
40.4307770551, 86.9162331092, 43
40.4307779750, 86.9162336805, 38
40.4307790390, 86.9162343366, 42
40.4307800697, 86.9162349678, 39
40.4307809795, 86.9162355224, 36
40.4307819156, 86.9162360961, 38
40.4307720000, 86.9162300000, 40.4307731098, 86.9162306892, 45
40.4307731682, 86.9162307255, 6
40.4307731974, 86.9162307436, 5
40.4307732266, 86.9162307618, 5
40.4307732558, 86.9162307800, 7
40.4307732850, 86.9162307982, 7
40.4307733434, 86.9162308345, 8
40.4307733726, 86.9162308527, 5
40.4307734019, 86.9162308709, 5
40.4307734603, 86.9162309073, 6
40.4307734895, 86.9162309256, 6
40.4307735188, 86.9162309438, 7
40.4307735480, 86.9162309620, 8
40.4307735772, 86.9162309802, 27
40.4307736065, 86.9162309984, 8
40.4307736357, 86.9162310167, 8
40.4307736943, 86.9162310532, 7
40.4307737235, 86.9162310714, 5
40.4307737528, 86.9162310897, 7
40.4307737821, 86.9162311080, 5
40.4307738114, 86.9162311262, 6
40.4307738406, 86.9162311445, 7
40.4307738992, 86.9162311811, 7
40.4307739285, 86.9162311993, 5
40.4307739871, 86.9162312359, 9
40.4307740164, 86.9162312542, 7
40.4307740457, 86.9162312725, 7
40.4307741043, 86.9162313091, 6
40.4307741336, 86.9162313274, 5
40.4307741629, 86.9162313457, 5
40.4307742216, 86.9162313823, 9
40.4307742510, 86.9162314007, 8
40.4307742803, 86.9162314190, 8
40.4307743097, 86.9162314373, 5
40.4307743391, 86.9162314556, 5
40.4307743684, 86.9162314740, 6
40.4307744272, 86.9162315106, 7
40.4307744566, 86.9162315289, 8
40.4307744860, 86.9162315472, 7
40.4307745154, 86.9162315656, 5
40.4307745742, 86.9162316022, 6
40.4307746036, 86.9162316205, 5
40.4307755205, 86.9162321832, 36
40.4307765012, 86.9162327730, 39
40.4307774558, 86.9162333371, 38
40.4307784419, 86.9162339158, 38
40.4307660000, 86.9162230000, 40.4307671100, 86.9162236548, 45
40.4307681020, 86.9162242439, 38
40.4307691221, 86.9162248499, 39
40.4307700491, 86.9162254051, 38
40.4307711026, 86.9162260484, 42
40.4307720327, 86.9162266187, 38
40.4307731067, 86.9162272747, 42
40.4307741842, 86.9162279416, 40
40.4307751162, 86.9162285244, 36
40.4307761083, 86.9162291448, 39
40.4307660000, 86.9162230000, 40.4307671387, 86.9162237081, 46
40.4307671687, 86.9162237267, 5
40.4307671986, 86.9162237453, 5
40.4307672585, 86.9162237826, 6
40.4307672885, 86.9162238012, 7
40.4307673184, 86.9162238198, 7
40.4307673783, 86.9162238569, 8
40.4307674382, 86.9162238941, 6
40.4307674681, 86.9162239126, 5
40.4307675280, 86.9162239497, 8
40.4307675579, 86.9162239682, 7
40.4307675878, 86.9162239868, 36
40.4307676476, 86.9162240238, 8
40.4307676775, 86.9162240423, 6
40.4307677373, 86.9162240793, 8
40.4307677672, 86.9162240978, 6
40.4307677971, 86.9162241163, 5
40.4307678270, 86.9162241348, 5
40.4307678868, 86.9162241718, 8
40.4307679167, 86.9162241903, 5
40.4307679764, 86.9162242272, 8
40.4307680063, 86.9162242457, 6
40.4307680362, 86.9162242642, 6
40.4307680661, 86.9162242827, 9
40.4307680959, 86.9162243012, 8
40.4307681258, 86.9162243197, 8
40.4307681557, 86.9162243382, 5
40.4307682154, 86.9162243752, 6
40.4307682453, 86.9162243937, 5
40.4307683051, 86.9162244307, 8
40.4307683349, 86.9162244493, 7
40.4307683947, 86.9162244863, 8
40.4307684245, 86.9162245048, 5
40.4307684842, 86.9162245419, 6
40.4307685141, 86.9162245604, 5
40.4307685440, 86.9162245789, 6
40.4307685738, 86.9162245975, 7
40.4307686037, 86.9162246160, 7
40.4307686335, 86.9162246345, 5
40.4307686634, 86.9162246531, 5
40.4307687231, 86.9162246902, 6
40.4307696451, 86.9162252649, 36
40.4307705932, 86.9162258540, 39
40.4307715739, 86.9162264634, 38
40.4307725577, 86.9162270711, 38
40.4307736344, 86.9162277296, 44
40.4307746265, 86.9162283324, 39
40.4307756512, 86.9162289468, 39
40.4307765885, 86.9162295012, 38
40.4307776772, 86.9162301387, 43
40.4307786126, 86.9162306855, 36
40.4307796977, 86.9162313217, 44
40.4307807206, 86.9162319253, 39
40.4307816831, 86.9162325020, 37
40.4307826791, 86.9162331111, 39
40.4307590000, 86.9162180000, 40.4307601432, 86.9162187045, 47
40.4307601733, 86.9162187230, 5
40.4307602034, 86.9162187416, 5
40.4307602335, 86.9162187601, 5
40.4307602635, 86.9162187787, 8
40.4307602936, 86.9162187972, 8
40.4307603237, 86.9162188158, 8
40.4307603538, 86.9162188343, 5
40.4307603839, 86.9162188529, 5
40.4307604139, 86.9162188715, 7
40.4307604440, 86.9162188901, 5
40.4307604741, 86.9162189086, 35
40.4307605042, 86.9162189272, 8
40.4307605343, 86.9162189458, 8
40.4307605644, 86.9162189644, 8
40.4307605945, 86.9162189830, 6
40.4307606245, 86.9162190016, 5
40.4307606847, 86.9162190387, 8
40.4307607148, 86.9162190573, 7
40.4307607448, 86.9162190758, 6
40.4307607749, 86.9162190944, 7
40.4307608350, 86.9162191315, 7
40.4307608651, 86.9162191500, 6
40.4307608952, 86.9162191686, 8
40.4307609252, 86.9162191871, 8
40.4307609553, 86.9162192056, 8
40.4307609853, 86.9162192241, 5
40.4307610153, 86.9162192426, 5
40.4307610454, 86.9162192611, 5
40.4307610754, 86.9162192796, 7
40.4307611055, 86.9162192981, 7
40.4307611655, 86.9162193351, 8
40.4307611956, 86.9162193537, 5
40.4307612256, 86.9162193722, 5
40.4307612556, 86.9162193907, 6
40.4307612857, 86.9162194092, 7
40.4307613157, 86.9162194277, 7
40.4307613457, 86.9162194462, 8
40.4307613757, 86.9162194647, 5
40.4307614357, 86.9162195018, 6
40.4307614657, 86.9162195203, 5
40.4307624247, 86.9162201192, 37
40.4307634161, 86.9162207514, 38
40.4307643814, 86.9162213754, 37
40.4307653772, 86.9162220217, 38
40.4307510000, 86.9162130000, 40.4307521195, 86.9162137243, 45
40.4307531245, 86.9162143742, 38
40.4307541617, 86.9162150396, 39
40.4307551094, 86.9162156402, 38
40.4307562125, 86.9162163306, 43
40.4307571622, 86.9162169208, 37
40.4307582350, 86.9162175884, 42
40.4307593045, 86.9162182581, 39
40.4307602484, 86.9162188554, 36
40.4307612497, 86.9162195067, 39
40.4307510000, 86.9162130000, 40.4307521485, 86.9162137683, 46
40.4307521787, 86.9162137885, 5
40.4307522089, 86.9162138088, 5
40.4307522693, 86.9162138493, 6
40.4307522995, 86.9162138695, 7
40.4307523599, 86.9162139100, 8
40.4307524202, 86.9162139506, 8
40.4307524504, 86.9162139709, 5
40.4307524805, 86.9162139912, 5
40.4307525408, 86.9162140318, 8
40.4307525710, 86.9162140521, 35
40.4307526011, 86.9162140724, 6
40.4307526312, 86.9162140927, 8
40.4307526614, 86.9162141130, 8
40.4307526915, 86.9162141333, 7
40.4307527216, 86.9162141537, 6
40.4307527518, 86.9162141740, 5
40.4307527819, 86.9162141944, 7
40.4307528120, 86.9162142147, 7
40.4307528422, 86.9162142351, 7
40.4307529024, 86.9162142758, 6
40.4307529325, 86.9162142962, 5
40.4307529626, 86.9162143165, 5
40.4307530228, 86.9162143573, 8
40.4307530529, 86.9162143776, 7
40.4307531130, 86.9162144183, 8
40.4307531431, 86.9162144387, 5
40.4307531732, 86.9162144590, 5
40.4307532032, 86.9162144794, 7
40.4307532332, 86.9162144997, 7
40.4307532633, 86.9162145201, 5
40.4307533233, 86.9162145608, 7
40.4307533533, 86.9162145811, 5
40.4307533834, 86.9162146015, 5
40.4307534434, 86.9162146422, 9
40.4307534734, 86.9162146626, 8
40.4307535034, 86.9162146829, 8
40.4307535633, 86.9162147237, 6
40.4307535933, 86.9162147441, 5
40.4307536233, 86.9162147645, 5
40.4307545488, 86.9162153978, 36
40.4307555308, 86.9162160793, 38
40.4307564883, 86.9162167550, 37
40.4307574758, 86.9162174575, 38
40.4307430000, 86.9162080000, 40.4307441094, 86.9162087960, 45
40.4307451090, 86.9162095239, 38
40.4307461442, 86.9162102790, 39
40.4307470866, 86.9162109640, 38
40.4307481859, 86.9162117579, 41
40.4307491335, 86.9162124353, 36
40.4307502041, 86.9162131935, 42
40.4307512742, 86.9162139492, 40
40.4307522507, 86.9162146418, 36
40.4307532571, 86.9162153645, 40
40.4307430000, 86.9162080000, 40.4307441567, 86.9162088445, 45
40.4307441871, 86.9162088667, 5
40.4307442175, 86.9162088890, 5
40.4307442480, 86.9162089112, 5
40.4307442784, 86.9162089335, 7
40.4307443088, 86.9162089557, 7
40.4307443393, 86.9162089780, 8
40.4307443697, 86.9162090003, 5
40.4307444305, 86.9162090450, 6
40.4307444610, 86.9162090673, 5
40.4307445218, 86.9162091120, 36
40.4307445826, 86.9162091567, 7
40.4307446130, 86.9162091791, 8
40.4307446737, 86.9162092239, 9
40.4307447041, 86.9162092463, 8
40.4307447345, 86.9162092687, 5
40.4307447648, 86.9162092911, 5
40.4307447952, 86.9162093136, 7
40.4307448256, 86.9162093360, 6
40.4307448559, 86.9162093585, 6
40.4307448863, 86.9162093810, 7
40.4307449471, 86.9162094260, 7
40.4307449774, 86.9162094485, 6
40.4307450078, 86.9162094710, 8
40.4307450685, 86.9162095160, 9
40.4307450989, 86.9162095385, 8
40.4307451292, 86.9162095610, 5
40.4307451596, 86.9162095835, 5
40.4307451899, 86.9162096060, 5
40.4307452203, 86.9162096285, 7
40.4307452506, 86.9162096510, 8
40.4307452810, 86.9162096735, 8
40.4307453113, 86.9162096960, 5
40.4307453720, 86.9162097410, 6
40.4307454327, 86.9162097859, 8
40.4307454631, 86.9162098083, 7
40.4307454934, 86.9162098307, 5
40.4307455237, 86.9162098531, 6
40.4307455541, 86.9162098756, 5
40.4307455844, 86.9162098980, 5
40.4307456148, 86.9162099203, 7
40.4307465534, 86.9162106138, 36
40.4307475163, 86.9162113347, 37
40.4307485043, 86.9162120897, 38
40.4307494890, 86.9162128527, 39
40.4307360000, 86.9162020000, 40.4307371039, 86.9162028667, 44
40.4307380950, 86.9162036516, 38
40.4307391483, 86.9162044837, 40
40.4307400876, 86.9162052232, 36
40.4307411885, 86.9162060856, 43
40.4307421398, 86.9162068252, 37
40.4307432151, 86.9162076478, 42
40.4307443263, 86.9162084882, 42
40.4307453176, 86.9162092323, 37
40.4307463445, 86.9162099939, 38
40.4307360000, 86.9162020000, 40.4307371861, 86.9162028775, 45
40.4307372173, 86.9162029006, 5
40.4307372798, 86.9162029468, 6
40.4307373110, 86.9162029699, 7
40.4307373422, 86.9162029930, 6
40.4307373734, 86.9162030161, 6
40.4307374046, 86.9162030392, 7
40.4307374670, 86.9162030854, 6
40.4307375294, 86.9162031316, 6
40.4307375606, 86.9162031548, 35
40.4307375918, 86.9162031779, 6
40.4307376542, 86.9162032242, 7
40.4307376854, 86.9162032474, 8
40.4307377478, 86.9162032938, 8
40.4307377790, 86.9162033170, 8
40.4307378101, 86.9162033402, 5
40.4307378725, 86.9162033867, 6
40.4307379348, 86.9162034332, 8
40.4307379660, 86.9162034564, 7
40.4307379971, 86.9162034797, 7
40.4307380594, 86.9162035262, 7
40.4307380905, 86.9162035494, 6
40.4307381216, 86.9162035727, 5
40.4307381527, 86.9162035960, 7
40.4307381838, 86.9162036192, 7
40.4307382460, 86.9162036658, 8
40.4307382771, 86.9162036891, 5
40.4307383392, 86.9162037357, 6
40.4307383703, 86.9162037590, 5
40.4307384013, 86.9162037823, 6
40.4307384324, 86.9162038057, 7
40.4307384946, 86.9162038524, 8
40.4307385256, 86.9162038758, 5
40.4307385878, 86.9162039225, 6
40.4307386499, 86.9162039693, 8
40.4307386810, 86.9162039927, 6
40.4307387120, 86.9162040161, 6
40.4307387431, 86.9162040395, 7
40.4307387742, 86.9162040628, 5
40.4307388052, 86.9162040862, 5
40.4307388673, 86.9162041330, 6
40.4307398267, 86.9162048591, 36
40.4307408450, 86.9162056292, 39
40.4307418312, 86.9162063762, 38
40.4307428480, 86.9162071523, 38
40.4307290000, 86.9161940000, 40.4307301768, 86.9161949094, 45
40.4307312020, 86.9161957081, 38
40.4307322945, 86.9161965608, 40
40.4307332614, 86.9161973185, 38
40.4307343545, 86.9161981769, 42
40.4307352915, 86.9161989130, 36
40.4307364213, 86.9161998032, 43
40.4307375582, 86.9162006985, 41
40.4307385742, 86.9162014952, 36
40.4307395939, 86.9162022895, 38
40.4307290000, 86.9161940000, 40.4307302131, 86.9161949372, 46
40.4307302450, 86.9161949618, 5
40.4307303089, 86.9161950111, 6
40.4307303408, 86.9161950358, 6
40.4307303728, 86.9161950604, 7
40.4307304047, 86.9161950851, 7
40.4307304366, 86.9161951097, 7
40.4307304685, 86.9161951343, 5
40.4307305324, 86.9161951836, 6
40.4307305643, 86.9161952082, 6
40.4307305962, 86.9161952329, 5
40.4307306281, 86.9161952575, 5
40.4307306600, 86.9161952821, 8
40.4307306919, 86.9161953067, 8
40.4307307239, 86.9161953314, 8
40.4307307558, 86.9161953560, 6
40.4307307877, 86.9161953807, 6
40.4307308515, 86.9161954300, 6
40.4307308834, 86.9161954546, 7
40.4307309153, 86.9161954793, 8
40.4307309472, 86.9161955039, 8
40.4307309791, 86.9161955286, 5
40.4307310110, 86.9161955533, 5
40.4307310749, 86.9161956028, 8
40.4307311387, 86.9161956523, 8
40.4307312025, 86.9161957019, 8
40.4307312664, 86.9161957516, 6
40.4307312983, 86.9161957764, 5
40.4307313621, 86.9161958261, 6
40.4307313940, 86.9161958510, 8
40.4307314259, 86.9161958758, 8
40.4307314897, 86.9161959255, 9
40.4307315215, 86.9161959504, 6
40.4307315852, 86.9161960002, 6
40.4307316171, 86.9161960250, 6
40.4307316489, 86.9161960499, 7
40.4307316808, 86.9161960748, 7
40.4307317444, 86.9161961246, 8
40.4307317762, 86.9161961496, 5
40.4307318081, 86.9161961745, 5
40.4307318399, 86.9161961994, 7
40.4307328585, 86.9161970067, 37
40.4307339081, 86.9161978413, 38
40.4307349265, 86.9161986504, 38
40.4307359748, 86.9161994778, 40
40.4307220000, 86.9161860000, 40.4307232065, 86.9161869485, 44
40.4307242225, 86.9161877508, 37
40.4307253345, 86.9161886404, 40
40.4307263220, 86.9161894410, 37
40.4307274372, 86.9161903548, 42
40.4307284264, 86.9161911711, 38
40.4307295787, 86.9161921256, 42
40.4307307360, 86.9161930841, 42
40.4307317707, 86.9161939388, 36
40.4307328461, 86.9161948206, 38
40.4307220000, 86.9161860000, 40.4307232478, 86.9161870097, 45
40.4307232806, 86.9161870363, 5
40.4307233134, 86.9161870629, 5
40.4307233463, 86.9161870894, 7
40.4307233791, 86.9161871159, 7
40.4307234120, 86.9161871425, 5
40.4307234449, 86.9161871690, 7
40.4307234777, 86.9161871955, 5
40.4307235435, 86.9161872485, 38
40.4307235764, 86.9161872749, 5
40.4307236422, 86.9161873279, 7
40.4307236751, 86.9161873544, 6
40.4307237080, 86.9161873808, 6
40.4307237409, 86.9161874073, 8
40.4307237738, 86.9161874337, 8
40.4307238067, 86.9161874602, 6
40.4307238397, 86.9161874866, 5
40.4307238726, 86.9161875131, 7
40.4307239385, 86.9161875659, 9
40.4307239714, 86.9161875924, 8
40.4307240373, 86.9161876452, 6
40.4307240702, 86.9161876717, 5
40.4307241361, 86.9161877246, 7
40.4307241691, 86.9161877510, 6
40.4307242020, 86.9161877775, 7
40.4307242679, 86.9161878305, 9
40.4307243009, 86.9161878569, 5
40.4307243338, 86.9161878834, 5
40.4307243668, 86.9161879099, 7
40.4307243997, 86.9161879365, 7
40.4307244327, 86.9161879630, 5
40.4307244656, 86.9161879896, 7
40.4307244986, 86.9161880161, 5
40.4307245316, 86.9161880427, 5
40.4307245645, 86.9161880693, 7
40.4307245975, 86.9161880959, 7
40.4307246634, 86.9161881492, 8
40.4307246964, 86.9161881759, 5
40.4307247623, 86.9161882293, 6
40.4307247953, 86.9161882560, 5
40.4307258088, 86.9161890866, 36
40.4307269205, 86.9161900134, 41
40.4307280026, 86.9161909278, 39
40.4307290838, 86.9161918448, 38
40.4307160000, 86.9161770000, 40.4307172101, 86.9161780269, 45
40.4307182854, 86.9161789366, 39
40.4307193890, 86.9161798701, 39
40.4307203916, 86.9161807217, 38
40.4307215205, 86.9161816882, 42
40.4307225190, 86.9161825487, 36
40.4307236453, 86.9161835214, 42
40.4307247439, 86.9161844815, 39
40.4307257874, 86.9161853951, 37
40.4307268646, 86.9161863340, 40
40.4307160000, 86.9161770000, 40.4307172494, 86.9161780875, 45
40.4307172823, 86.9161781161, 5
40.4307173152, 86.9161781448, 5
40.4307173810, 86.9161782021, 6
40.4307174139, 86.9161782308, 8
40.4307174469, 86.9161782595, 8
40.4307174798, 86.9161782882, 8
40.4307175128, 86.9161783169, 5
40.4307175457, 86.9161783456, 28
40.4307175787, 86.9161783743, 8
40.4307176446, 86.9161784317, 6
40.4307176776, 86.9161784604, 6
40.4307177106, 86.9161784891, 7
40.4307177436, 86.9161785177, 7
40.4307177765, 86.9161785464, 7
40.4307178095, 86.9161785751, 6
40.4307178425, 86.9161786038, 5
40.4307178755, 86.9161786325, 5
40.4307179085, 86.9161786611, 8
40.4307179415, 86.9161786898, 7
40.4307179746, 86.9161787185, 7
40.4307180406, 86.9161787758, 6
40.4307180736, 86.9161788044, 5
40.4307181066, 86.9161788330, 7
40.4307181396, 86.9161788617, 6
40.4307182057, 86.9161789189, 8
40.4307182387, 86.9161789475, 7
40.4307183047, 86.9161790048, 6
40.4307183377, 86.9161790334, 5
40.4307183707, 86.9161790620, 6
40.4307184037, 86.9161790906, 6
40.4307184367, 86.9161791193, 7
40.4307184697, 86.9161791479, 7
40.4307185027, 86.9161791766, 5
40.4307185357, 86.9161792052, 5
40.4307185687, 86.9161792339, 7
40.4307186347, 86.9161792912, 8
40.4307187006, 86.9161793486, 8
40.4307187336, 86.9161793773, 5
40.4307187995, 86.9161794347, 6
40.4307188324, 86.9161794634, 5
40.4307188654, 86.9161794922, 8
40.4307199171, 86.9161804226, 36
40.4307209649, 86.9161813589, 37
40.4307219735, 86.9161822690, 38
40.4307230400, 86.9161832434, 39
40.4307090000, 86.9161680000, 40.4307102269, 86.9161691295, 46
40.4307112603, 86.9161700842, 39
40.4307123530, 86.9161710941, 39
40.4307134427, 86.9161721018, 38
40.4307144648, 86.9161730493, 37
40.4307155786, 86.9161740844, 42
40.4307165948, 86.9161750326, 40
40.4307177340, 86.9161761048, 41
40.4307187131, 86.9161770342, 37
40.4307197563, 86.9161780335, 37
40.4307090000, 86.9161680000, 40.4307102011, 86.9161691663, 43
40.4307102327, 86.9161691970, 5
40.4307102959, 86.9161692584, 7
40.4307103275, 86.9161692892, 6
40.4307103907, 86.9161693506, 8
40.4307104539, 86.9161694121, 8
40.4307104855, 86.9161694429, 37
40.4307105171, 86.9161694736, 8
40.4307105487, 86.9161695044, 6
40.4307106119, 86.9161695659, 7
40.4307106435, 86.9161695966, 5
40.4307106751, 86.9161696274, 6
40.4307107067, 86.9161696582, 8
40.4307107383, 86.9161696889, 8
40.4307107699, 86.9161697197, 5
40.4307108331, 86.9161697812, 6
40.4307108648, 86.9161698119, 8
40.4307108964, 86.9161698427, 7
40.4307109280, 86.9161698734, 7
40.4307109596, 86.9161699042, 5
40.4307110228, 86.9161699656, 6
40.4307110861, 86.9161700271, 6
40.4307111177, 86.9161700578, 8
40.4307111494, 86.9161700885, 8
40.4307111810, 86.9161701193, 8
40.4307112443, 86.9161701807, 6
40.4307112759, 86.9161702114, 5
40.4307113076, 86.9161702421, 5
40.4307113392, 86.9161702729, 7
40.4307113709, 86.9161703036, 7
40.4307114025, 86.9161703343, 7
40.4307114342, 86.9161703650, 5
40.4307114975, 86.9161704265, 6
40.4307115291, 86.9161704572, 5
40.4307115608, 86.9161704879, 7
40.4307115925, 86.9161705186, 7
40.4307116241, 86.9161705494, 7
40.4307116558, 86.9161705801, 5
40.4307116874, 86.9161706109, 5
40.4307117191, 86.9161706416, 6
40.4307127282, 86.9161716310, 37
40.4307137618, 86.9161726550, 38
40.4307147602, 86.9161736625, 38
40.4307157884, 86.9161747145, 38
40.4307020000, 86.9161600000, 40.4307031411, 86.9161611817, 45
40.4307041509, 86.9161622353, 38
40.4307052163, 86.9161633598, 40
40.4307061605, 86.9161643624, 38
40.4307072246, 86.9161654958, 42
40.4307081648, 86.9161664997, 37
40.4307092527, 86.9161676672, 43
40.4307103039, 86.9161688049, 40
40.4307112589, 86.9161698480, 37
40.4307122341, 86.9161709321, 39
40.4307020000, 86.9161600000, 40.4307031148, 86.9161612656, 45
40.4307031441, 86.9161612989, 5
40.4307032028, 86.9161613656, 6
40.4307032321, 86.9161613989, 5
40.4307032615, 86.9161614323, 6
40.4307032908, 86.9161614657, 7
40.4307033201, 86.9161614991, 28
40.4307033494, 86.9161615325, 7
40.4307033788, 86.9161615659, 8
40.4307034081, 86.9161615994, 8
40.4307034374, 86.9161616328, 6
40.4307034961, 86.9161616996, 6
40.4307035548, 86.9161617665, 8
40.4307035841, 86.9161617999, 7
40.4307036135, 86.9161618334, 7
40.4307036722, 86.9161619002, 6
40.4307037016, 86.9161619337, 5
40.4307037309, 86.9161619671, 6
40.4307037603, 86.9161620006, 7
40.4307038191, 86.9161620675, 8
40.4307038485, 86.9161621010, 8
40.4307039073, 86.9161621679, 6
40.4307039661, 86.9161622349, 6
40.4307040250, 86.9161623019, 8
40.4307040544, 86.9161623353, 7
40.4307040838, 86.9161623688, 6
40.4307041133, 86.9161624023, 7
40.4307041427, 86.9161624357, 5
40.4307042017, 86.9161625026, 6
40.4307042311, 86.9161625361, 7
40.4307042901, 86.9161626030, 8
40.4307043196, 86.9161626364, 7
40.4307043786, 86.9161627033, 6
40.4307044376, 86.9161627701, 6
40.4307044966, 86.9161628369, 6
40.4307045261, 86.9161628703, 8
40.4307045557, 86.9161629037, 8
40.4307045852, 86.9161629371, 8
40.4307046442, 86.9161630039, 6
40.4307046738, 86.9161630372, 5
40.4307047033, 86.9161630706, 5
40.4307056169, 86.9161641028, 36
40.4307065868, 86.9161652075, 39
40.4307075220, 86.9161662813, 38
40.4307084821, 86.9161673873, 38
40.4307095256, 86.9161685959, 43
40.4307104792, 86.9161697083, 38
40.4307114770, 86.9161708862, 40
40.4307123772, 86.9161719636, 39
40.4307133849, 86.9161732001, 42
40.4307142454, 86.9161742729, 37
40.4307152380, 86.9161755463, 42
40.4307161748, 86.9161767685, 39
40.4307170528, 86.9161779283, 37
40.4307179515, 86.9161791274, 40
40.4306940000, 86.9161510000, 40.4306950324, 86.9161523863, 45
40.4306950596, 86.9161524228, 5
40.4306951139, 86.9161524958, 6
40.4306951411, 86.9161525323, 5
40.4306951682, 86.9161525688, 7
40.4306951954, 86.9161526052, 8
40.4306952225, 86.9161526417, 37
40.4306952497, 86.9161526782, 8
40.4306952768, 86.9161527146, 8
40.4306953311, 86.9161527875, 7
40.4306953583, 86.9161528240, 5
40.4306953854, 86.9161528604, 7
40.4306954125, 86.9161528968, 7
40.4306954397, 86.9161529333, 6
40.4306954668, 86.9161529698, 7
40.4306954940, 86.9161530063, 5
40.4306955211, 86.9161530427, 6
40.4306955483, 86.9161530792, 7
40.4306955754, 86.9161531157, 8
40.4306956026, 86.9161531523, 7
40.4306956569, 86.9161532253, 6
40.4306956840, 86.9161532619, 5
40.4306957112, 86.9161532985, 5
40.4306957655, 86.9161533716, 8
40.4306957927, 86.9161534082, 7
40.4306958198, 86.9161534448, 8
40.4306958470, 86.9161534814, 5
40.4306959014, 86.9161535547, 6
40.4306959557, 86.9161536279, 8
40.4306959829, 86.9161536646, 7
40.4306960101, 86.9161537012, 6
40.4306960373, 86.9161537378, 7
40.4306960644, 86.9161537745, 5
40.4306961188, 86.9161538478, 6
40.4306961460, 86.9161538844, 7
40.4306961732, 86.9161539210, 6
40.4306962004, 86.9161539577, 6
40.4306962276, 86.9161539943, 7
40.4306962548, 86.9161540309, 5
40.4306962820, 86.9161540676, 5
40.4306963365, 86.9161541408, 7
40.4306971803, 86.9161552622, 36
40.4306980784, 86.9161564438, 39
40.4306989482, 86.9161575864, 37
40.4306998431, 86.9161587698, 38
40.4306840000, 86.9161420000, 40.4306850306, 86.9161433750, 45
40.4306859224, 86.9161445737, 38
40.4306868371, 86.9161458161, 39
40.4306876676, 86.9161469563, 38
40.4306885925, 86.9161482437, 42
40.4306894849, 86.9161495003, 41
40.4306903521, 86.9161507328, 39
40.4306912720, 86.9161520506, 41
40.4306920856, 86.9161532209, 35
40.4306929219, 86.9161544258, 37
40.4306840000, 86.9161420000, 40.4306849910, 86.9161434293, 45
40.4306850171, 86.9161434670, 5
40.4306850432, 86.9161435046, 5
40.4306850693, 86.9161435422, 5
40.4306851214, 86.9161436174, 7
40.4306851475, 86.9161436550, 26
40.4306851996, 86.9161437303, 6
40.4306852257, 86.9161437679, 8
40.4306852779, 86.9161438431, 9
40.4306853300, 86.9161439184, 9
40.4306853561, 86.9161439561, 5
40.4306853822, 86.9161439937, 5
40.4306854083, 86.9161440313, 7
40.4306854344, 86.9161440690, 7
40.4306854866, 86.9161441443, 8
40.4306855127, 86.9161441820, 6
40.4306855388, 86.9161442197, 6
40.4306855649, 86.9161442574, 5
40.4306856171, 86.9161443327, 9
40.4306856432, 86.9161443704, 8
40.4306856954, 86.9161444457, 8
40.4306857215, 86.9161444834, 5
40.4306857476, 86.9161445211, 6
40.4306857998, 86.9161445965, 7
40.4306858259, 86.9161446342, 6
40.4306858521, 86.9161446720, 7
40.4306858782, 86.9161447097, 7
40.4306859305, 86.9161447852, 6
40.4306859828, 86.9161448608, 6
40.4306860090, 86.9161448986, 7
40.4306860613, 86.9161449741, 8
40.4306860874, 86.9161450119, 6
40.4306861136, 86.9161450497, 6
40.4306861397, 86.9161450875, 5
40.4306861659, 86.9161451252, 5
40.4306862182, 86.9161452008, 8
40.4306862705, 86.9161452764, 8
40.4306863229, 86.9161453520, 8
40.4306863490, 86.9161453899, 5
40.4306863752, 86.9161454277, 5
40.4306864276, 86.9161455034, 6
40.4306872459, 86.9161466772, 36
40.4306881151, 86.9161479173, 40
40.4306889606, 86.9161491121, 39
40.4306898371, 86.9161503377, 38
40.4306760000, 86.9161330000, 40.4306770365, 86.9161344366, 46
40.4306779132, 86.9161356484, 38
40.4306788165, 86.9161368991, 38
40.4306796370, 86.9161380391, 38
40.4306805551, 86.9161393291, 40
40.4306814368, 86.9161405887, 40
40.4306822850, 86.9161418269, 39
40.4306831765, 86.9161431593, 39
40.4306839547, 86.9161443530, 36
40.4306847709, 86.9161456315, 40
40.4306760000, 86.9161330000, 40.4306769330, 86.9161344719, 45
40.4306769575, 86.9161345107, 5
40.4306770066, 86.9161345881, 6
40.4306770312, 86.9161346268, 6
40.4306770557, 86.9161346656, 36
40.4306770803, 86.9161347043, 5
40.4306771048, 86.9161347430, 8
40.4306771293, 86.9161347817, 8
40.4306771539, 86.9161348204, 8
40.4306771784, 86.9161348591, 5
40.4306772030, 86.9161348979, 5
40.4306772275, 86.9161349366, 6
40.4306772766, 86.9161350140, 8
40.4306773257, 86.9161350915, 8
40.4306773503, 86.9161351302, 8
40.4306773748, 86.9161351689, 6
40.4306774239, 86.9161352464, 6
40.4306774730, 86.9161353238, 8
40.4306774975, 86.9161353625, 6
40.4306775220, 86.9161354012, 6
40.4306775466, 86.9161354399, 7
40.4306775711, 86.9161354786, 5
40.4306775956, 86.9161355173, 5
40.4306776201, 86.9161355561, 7
40.4306776447, 86.9161355948, 7
40.4306776692, 86.9161356336, 6
40.4306777183, 86.9161357112, 8
40.4306777675, 86.9161357890, 6
40.4306778166, 86.9161358667, 6
40.4306778658, 86.9161359446, 9
40.4306779150, 86.9161360225, 9
40.4306779396, 86.9161360614, 8
40.4306779641, 86.9161361004, 5
40.4306779887, 86.9161361394, 5
40.4306780380, 86.9161362174, 7
40.4306780626, 86.9161362564, 7
40.4306780872, 86.9161362954, 7
40.4306781365, 86.9161363735, 8
40.4306781858, 86.9161364517, 6
40.4306782104, 86.9161364908, 5
40.4306782598, 86.9161365690, 8
40.4306790781, 86.9161378622, 37
40.4306798992, 86.9161391485, 38
40.4306807011, 86.9161403886, 39
40.4306815289, 86.9161416526, 41
40.4306680000, 86.9161250000, 40.4306689837, 86.9161264857, 46
40.4306697943, 86.9161277021, 40
40.4306706523, 86.9161289902, 38
40.4306715066, 86.9161302811, 39
40.4306723051, 86.9161315050, 38
40.4306731728, 86.9161328698, 42
40.4306739596, 86.9161341281, 39
40.4306748067, 86.9161355062, 42
40.4306755502, 86.9161367294, 36
40.4306763177, 86.9161380016, 37
40.4306680000, 86.9161250000, 40.4306689110, 86.9161265106, 44
40.4306689350, 86.9161265503, 5
40.4306689589, 86.9161265901, 5
40.4306689829, 86.9161266298, 28
40.4306690069, 86.9161266696, 5
40.4306690308, 86.9161267093, 6
40.4306690548, 86.9161267490, 8
40.4306690788, 86.9161267888, 8
40.4306691027, 86.9161268285, 7
40.4306691267, 86.9161268682, 5
40.4306691506, 86.9161269079, 5
40.4306691985, 86.9161269873, 6
40.4306692464, 86.9161270668, 9
40.4306692704, 86.9161271065, 8
40.4306692943, 86.9161271462, 8
40.4306693182, 86.9161271859, 5
40.4306693422, 86.9161272256, 5
40.4306693661, 86.9161272653, 5
40.4306694139, 86.9161273447, 7
40.4306694378, 86.9161273844, 7
40.4306694857, 86.9161274638, 8
40.4306695096, 86.9161275035, 5
40.4306695335, 86.9161275432, 5
40.4306695574, 86.9161275830, 7
40.4306695813, 86.9161276227, 7
40.4306696291, 86.9161277022, 8
40.4306696529, 86.9161277420, 5
40.4306696768, 86.9161277817, 6
40.4306697246, 86.9161278613, 6
40.4306697724, 86.9161279409, 8
40.4306697962, 86.9161279807, 7
40.4306698201, 86.9161280206, 8
40.4306698440, 86.9161280604, 5
40.4306698679, 86.9161281002, 5
40.4306699156, 86.9161281799, 6
40.4306699395, 86.9161282197, 7
40.4306699634, 86.9161282596, 7
40.4306699872, 86.9161282995, 8
40.4306700111, 86.9161283394, 5
40.4306700350, 86.9161283792, 5
40.4306700828, 86.9161284591, 6
40.4306708510, 86.9161297465, 37
40.4306716190, 86.9161310329, 37
40.4306723918, 86.9161323206, 37
40.4306731920, 86.9161336450, 39
40.4306600000, 86.9161170000, 40.4306609233, 86.9161185096, 45
40.4306617011, 86.9161197693, 37
40.4306625307, 86.9161211015, 39
40.4306632882, 86.9161223129, 38
40.4306641411, 86.9161236795, 41
40.4306649910, 86.9161250499, 43
40.4306657609, 86.9161263053, 39
40.4306665968, 86.9161276896, 40
40.4306673550, 86.9161289652, 36
40.4306681020, 86.9161302438, 38
40.4306600000, 86.9161170000, 40.4306608563, 86.9161184868, 45
40.4306609026, 86.9161185672, 6
40.4306609257, 86.9161186074, 5
40.4306609720, 86.9161186878, 7
40.4306609951, 86.9161187280, 6
40.4306610414, 86.9161188084, 6
40.4306610876, 86.9161188888, 9
40.4306611107, 86.9161189290, 8
40.4306611339, 86.9161189692, 8
40.4306611801, 86.9161190495, 6
40.4306612263, 86.9161191298, 7
40.4306612495, 86.9161191700, 8
40.4306612726, 86.9161192102, 6
40.4306612957, 86.9161192503, 6
40.4306613188, 86.9161192904, 6
40.4306613419, 86.9161193306, 6
40.4306613881, 86.9161194109, 6
40.4306614113, 86.9161194510, 7
40.4306614344, 86.9161194911, 6
40.4306614575, 86.9161195313, 6
40.4306614806, 86.9161195714, 8
40.4306615037, 86.9161196116, 5
40.4306615268, 86.9161196517, 5
40.4306615731, 86.9161197321, 8
40.4306615962, 86.9161197723, 7
40.4306616193, 86.9161198124, 5
40.4306616424, 86.9161198526, 7
40.4306616886, 86.9161199330, 6
40.4306617349, 86.9161200134, 6
40.4306617580, 86.9161200537, 7
40.4306617811, 86.9161200939, 7
40.4306618042, 86.9161201341, 7
40.4306618273, 86.9161201743, 5
40.4306618735, 86.9161202548, 6
40.4306618966, 86.9161202951, 5
40.4306619427, 86.9161203756, 9
40.4306619658, 86.9161204159, 8
40.4306619889, 86.9161204561, 8
40.4306620119, 86.9161204964, 5
40.4306620350, 86.9161205367, 5
40.4306620581, 86.9161205770, 5
40.4306627996, 86.9161218826, 37
40.4306635486, 86.9161231987, 39
40.4306642985, 86.9161245102, 38
40.4306650801, 86.9161258666, 39
40.4306510000, 86.9161100000, 40.4306519150, 86.9161115675, 45
40.4306527151, 86.9161129195, 38
40.4306535681, 86.9161143410, 40
40.4306543282, 86.9161155977, 38
40.4306552148, 86.9161170566, 43
40.4306560513, 86.9161184294, 41
40.4306568592, 86.9161197608, 39
40.4306577107, 86.9161211738, 40
40.4306584612, 86.9161224271, 36
40.4306592578, 86.9161237700, 38
40.4306510000, 86.9161100000, 40.4306518842, 86.9161115070, 45
40.4306519081, 86.9161115477, 5
40.4306519320, 86.9161115884, 36
40.4306519797, 86.9161116699, 6
40.4306520275, 86.9161117514, 6
40.4306520514, 86.9161117921, 6
40.4306520753, 86.9161118329, 8
40.4306520991, 86.9161118737, 8
40.4306521230, 86.9161119144, 8
40.4306521469, 86.9161119552, 6
40.4306521708, 86.9161119959, 5
40.4306522185, 86.9161120774, 6
40.4306522424, 86.9161121182, 7
40.4306522663, 86.9161121590, 7
40.4306522902, 86.9161121997, 7
40.4306523380, 86.9161122812, 6
40.4306523858, 86.9161123627, 6
40.4306524096, 86.9161124034, 7
40.4306524335, 86.9161124441, 5
40.4306524574, 86.9161124849, 6
40.4306524813, 86.9161125256, 7
40.4306525291, 86.9161126070, 6
40.4306525769, 86.9161126885, 6
40.4306526008, 86.9161127292, 5
40.4306526247, 86.9161127699, 6
40.4306526485, 86.9161128106, 7
40.4306526724, 86.9161128513, 7
40.4306526963, 86.9161128920, 5
40.4306527202, 86.9161129327, 5
40.4306527441, 86.9161129734, 5
40.4306527679, 86.9161130140, 7
40.4306527918, 86.9161130547, 7
40.4306528395, 86.9161131361, 8
40.4306528634, 86.9161131767, 5
40.4306528872, 86.9161132174, 5
40.4306529111, 86.9161132581, 5
40.4306529349, 86.9161132988, 7
40.4306529588, 86.9161133394, 7
40.4306529826, 86.9161133801, 8
40.4306530064, 86.9161134208, 5
40.4306530302, 86.9161134614, 5
40.4306537644, 86.9161147294, 36
40.4306545171, 86.9161160456, 37
40.4306552684, 86.9161173774, 37
40.4306560415, 86.9161187591, 38
40.4306568798, 86.9161202677, 41
40.4306576486, 86.9161216549, 38
40.4306584656, 86.9161231258, 42
40.4306591879, 86.9161244212, 39
40.4306600035, 86.9161258739, 40
40.4306607252, 86.9161271512, 36
40.4306615651, 86.9161286298, 40
40.4306623575, 86.9161300215, 39
40.4306631027, 86.9161313349, 38
40.4306638444, 86.9161326514, 39
40.4306440000, 86.9161030000, 40.4306448742, 86.9161045670, 43
40.4306448972, 86.9161046083, 36
40.4306449202, 86.9161046495, 7
40.4306449432, 86.9161046908, 8
40.4306449662, 86.9161047321, 8
40.4306449892, 86.9161047734, 6
40.4306450122, 86.9161048146, 5
40.4306450352, 86.9161048559, 7
40.4306450582, 86.9161048972, 7
40.4306450812, 86.9161049386, 7
40.4306451042, 86.9161049799, 5
40.4306451272, 86.9161050212, 5
40.4306451731, 86.9161051039, 7
40.4306451961, 86.9161051452, 8
40.4306452191, 86.9161051865, 8
40.4306452421, 86.9161052279, 8
40.4306452651, 86.9161052692, 5
40.4306452881, 86.9161053105, 5
40.4306453340, 86.9161053932, 6
40.4306453570, 86.9161054345, 7
40.4306453800, 86.9161054759, 7
40.4306454030, 86.9161055172, 8
40.4306454260, 86.9161055585, 5
40.4306454489, 86.9161055998, 5
40.4306454949, 86.9161056824, 6
40.4306455178, 86.9161057238, 7
40.4306455408, 86.9161057651, 7
40.4306455637, 86.9161058064, 7
40.4306456095, 86.9161058890, 6
40.4306456324, 86.9161059302, 5
40.4306456782, 86.9161060128, 8
40.4306457011, 86.9161060541, 5
40.4306457468, 86.9161061366, 7
40.4306457697, 86.9161061779, 7
40.4306458154, 86.9161062605, 6
40.4306458383, 86.9161063018, 5
40.4306458611, 86.9161063431, 7
40.4306459067, 86.9161064257, 8
40.4306459295, 86.9161064670, 7
40.4306459752, 86.9161065496, 6
40.4306459980, 86.9161065909, 5
40.4306460207, 86.9161066323, 5
40.4306467238, 86.9161079193, 36
40.4306474711, 86.9161092972, 41
40.4306481941, 86.9161106379, 39
40.4306489359, 86.9161120325, 39
40.4306350000, 86.9160950000, 40.4306358557, 86.9160966198, 46
40.4306366005, 86.9160980253, 38
40.4306373734, 86.9160994767, 39
40.4306380833, 86.9161008051, 37
40.4306388823, 86.9161023016, 40
40.4306396617, 86.9161037543, 40
40.4306404232, 86.9161051645, 39
40.4306412358, 86.9161066578, 40
40.4306419548, 86.9161079720, 36
40.4306427200, 86.9161093777, 40
40.4306350000, 86.9160950000, 40.4306365593, 86.9160978875, 74
40.4306365826, 86.9160979306, 7
40.4306366058, 86.9160979737, 7
40.4306366291, 86.9160980168, 6
40.4306366524, 86.9160980600, 6
40.4306366757, 86.9160981031, 5
40.4306366990, 86.9160981462, 7
40.4306367222, 86.9160981893, 8
40.4306367455, 86.9160982325, 7
40.4306367688, 86.9160982756, 5
40.4306367921, 86.9160983187, 6
40.4306368153, 86.9160983618, 7
40.4306368386, 86.9160984050, 7
40.4306368851, 86.9160984912, 8
40.4306369315, 86.9160985774, 6
40.4306369780, 86.9160986636, 6
40.4306370244, 86.9160987498, 6
40.4306370476, 86.9160987929, 8
40.4306370708, 86.9160988360, 8
40.4306370940, 86.9160988791, 8
40.4306371404, 86.9160989653, 6
40.4306371636, 86.9160990084, 5
40.4306371868, 86.9160990515, 7
40.4306372100, 86.9160990945, 6
40.4306372332, 86.9160991376, 7
40.4306372564, 86.9160991807, 7
40.4306373027, 86.9160992669, 6
40.4306373259, 86.9160993100, 5
40.4306373491, 86.9160993530, 7
40.4306373722, 86.9160993961, 5
40.4306373954, 86.9160994392, 6
40.4306374417, 86.9160995253, 8
40.4306374880, 86.9160996115, 6
40.4306375112, 86.9160996545, 5
40.4306375574, 86.9160997406, 6
40.4306375806, 86.9160997837, 6
40.4306376037, 86.9160998268, 7
40.4306376268, 86.9160998698, 7
40.4306376731, 86.9160999559, 6
40.4306376962, 86.9160999990, 5
40.4306377424, 86.9161000850, 7
40.4306384803, 86.9161014642, 37
40.4306392166, 86.9161028509, 38
40.4306399460, 86.9161042411, 37
40.4306406939, 86.9161056822, 38
40.4306260000, 86.9160870000, 40.4306268389, 86.9160886297, 45
40.4306275946, 86.9160900916, 38
40.4306283771, 86.9160916013, 39
40.4306290972, 86.9160929815, 38
40.4306299152, 86.9160945402, 42
40.4306307380, 86.9160960994, 42
40.4306315172, 86.9160975686, 39
40.4306323456, 86.9160991253, 41
40.4306331015, 86.9161005431, 36
40.4306338497, 86.9161019578, 59
40.4306260000, 86.9160870000, 40.4306268787, 86.9160886832, 44
40.4306269249, 86.9160887718, 8
40.4306269480, 86.9160888161, 8
40.4306269711, 86.9160888604, 8
40.4306269942, 86.9160889047, 5
40.4306270404, 86.9160889934, 6
40.4306270635, 86.9160890377, 7
40.4306270865, 86.9160890820, 7
40.4306271096, 86.9160891264, 7
40.4306271327, 86.9160891707, 6
40.4306271558, 86.9160892151, 6
40.4306271788, 86.9160892594, 5
40.4306272019, 86.9160893037, 7
40.4306272480, 86.9160893924, 8
40.4306272710, 86.9160894368, 7
40.4306272941, 86.9160894811, 5
40.4306273401, 86.9160895698, 6
40.4306273632, 86.9160896141, 5
40.4306273862, 86.9160896585, 7
40.4306274092, 86.9160897028, 7
40.4306274322, 86.9160897472, 7
40.4306274553, 86.9160897915, 5
40.4306275013, 86.9160898802, 7
40.4306275243, 86.9160899246, 7
40.4306275474, 86.9160899689, 6
40.4306275704, 86.9160900133, 6
40.4306275935, 86.9160900576, 7
40.4306276395, 86.9160901463, 6
40.4306276856, 86.9160902350, 6
40.4306277087, 86.9160902793, 7
40.4306277317, 86.9160903237, 6
40.4306277548, 86.9160903680, 6
40.4306277779, 86.9160904124, 7
40.4306278009, 86.9160904567, 5
40.4306278240, 86.9160905010, 5
40.4306278701, 86.9160905896, 7
40.4306279162, 86.9160906782, 7
40.4306279392, 86.9160907225, 7
40.4306279623, 86.9160907668, 7
40.4306280084, 86.9160908554, 6
40.4306280545, 86.9160909440, 6
40.4306287690, 86.9160923217, 36
40.4306295268, 86.9160937974, 40
40.4306302578, 86.9160952358, 40
40.4306310057, 86.9160967226, 40
40.4306170000, 86.9160780000, 40.4306178838, 86.9160797797, 46
40.4306186093, 86.9160812430, 38
40.4306193769, 86.9160827921, 39
40.4306200775, 86.9160842023, 38
40.4306208685, 86.9160857886, 40
40.4306216314, 86.9160873263, 40
40.4306223479, 86.9160887696, 39
40.4306231489, 86.9160903786, 41
40.4306238395, 86.9160917593, 36
40.4306252099, 86.9160945115, 70
40.4306170000, 86.9160780000, 40.4306178304, 86.9160796957, 45
40.4306178523, 86.9160797404, 8
40.4306178741, 86.9160797850, 8
40.4306178960, 86.9160798296, 5
40.4306179396, 86.9160799190, 6
40.4306179615, 86.9160799637, 6
40.4306180051, 86.9160800531, 8
40.4306180487, 86.9160801425, 8
40.4306180923, 86.9160802320, 9
40.4306181141, 86.9160802768, 6
40.4306181359, 86.9160803215, 5
40.4306181576, 86.9160803663, 7
40.4306181794, 86.9160804110, 7
40.4306182012, 86.9160804558, 5
40.4306182229, 86.9160805006, 7
40.4306182447, 86.9160805454, 6
40.4306182664, 86.9160805902, 5
40.4306182881, 86.9160806350, 7
40.4306183316, 86.9160807247, 8
40.4306183533, 86.9160807695, 5
40.4306183968, 86.9160808592, 7
40.4306184185, 86.9160809041, 6
40.4306184402, 86.9160809490, 5
40.4306184836, 86.9160810387, 8
40.4306185053, 86.9160810836, 7
40.4306185270, 86.9160811285, 5
40.4306185487, 86.9160811734, 7
40.4306185704, 86.9160812183, 5
40.4306186137, 86.9160813081, 6
40.4306186354, 86.9160813530, 7
40.4306186571, 86.9160813979, 5
40.4306186788, 86.9160814428, 7
40.4306187004, 86.9160814876, 7
40.4306187221, 86.9160815325, 5
40.4306187437, 86.9160815773, 5
40.4306187870, 86.9160816670, 8
40.4306188086, 86.9160817118, 7
40.4306188303, 86.9160817566, 5
40.4306188519, 86.9160818014, 7
40.4306188735, 86.9160818461, 5
40.4306189168, 86.9160819356, 6
40.4306195875, 86.9160833184, 36
40.4306202764, 86.9160847421, 39
40.4306209608, 86.9160861713, 39
40.4306216628, 86.9160876530, 40
40.4306080000, 86.9160690000, 40.4306088257, 86.9160707660, 47
40.4306095042, 86.9160722270, 37
40.4306102514, 86.9160738357, 40
40.4306109180, 86.9160752698, 39
40.4306116745, 86.9160768916, 40
40.4306124311, 86.9160785077, 42
40.4306131221, 86.9160799756, 40
40.4306138739, 86.9160815688, 40
40.4306145640, 86.9160830223, 68
40.4306152787, 86.9160845263, 38
40.4306080000, 86.9160690000, 40.4306088477, 86.9160707861, 47
40.4306088694, 86.9160708319, 8
40.4306088912, 86.9160708777, 8
40.4306089129, 86.9160709235, 6
40.4306089346, 86.9160709694, 6
40.4306089781, 86.9160710611, 8
40.4306089998, 86.9160711069, 5
40.4306090215, 86.9160711528, 6
40.4306090648, 86.9160712446, 8
40.4306090865, 86.9160712905, 6
40.4306091082, 86.9160713364, 5
40.4306091515, 86.9160714283, 9
40.4306091948, 86.9160715202, 9
40.4306092164, 86.9160715662, 8
40.4306092381, 86.9160716121, 5
40.4306092813, 86.9160717041, 6
40.4306093029, 86.9160717502, 5
40.4306093245, 86.9160717962, 7
40.4306093461, 86.9160718422, 7
40.4306093677, 86.9160718883, 8
40.4306093892, 86.9160719343, 6
40.4306094324, 86.9160720265, 6
40.4306094540, 86.9160720727, 5
40.4306094973, 86.9160721649, 7
40.4306095189, 86.9160722111, 7
40.4306095621, 86.9160723034, 8
40.4306095838, 86.9160723496, 5
40.4306096054, 86.9160723958, 5
40.4306096270, 86.9160724420, 5
40.4306096486, 86.9160724882, 7
40.4306096703, 86.9160725343, 7
40.4306096919, 86.9160725805, 8
40.4306097135, 86.9160726267, 5
40.4306097351, 86.9160726728, 5
40.4306097783, 86.9160727651, 8
40.4306097999, 86.9160728113, 5
40.4306098215, 86.9160728574, 7
40.4306098431, 86.9160729035, 7
40.4306098648, 86.9160729497, 5
40.4306098864, 86.9160729958, 5
40.4306099296, 86.9160730881, 6
40.4306106212, 86.9160745682, 36
40.4306113308, 86.9160761007, 39
40.4306120131, 86.9160775928, 37
40.4306126945, 86.9160790927, 38
40.4306000000, 86.9160610000, 40.4306008051, 86.9160627786, 45
40.4306014775, 86.9160642721, 37
40.4306021956, 86.9160658685, 39
40.4306028532, 86.9160673283, 38
40.4306036208, 86.9160690264, 42
40.4306043703, 86.9160706770, 42
40.4306050792, 86.9160722319, 39
40.4306058322, 86.9160738816, 63
40.4306064995, 86.9160753432, 38
40.4306072102, 86.9160768998, 40
40.4306000000, 86.9160610000, 40.4306008132, 86.9160627864, 45
40.4306008346, 86.9160628334, 7
40.4306008560, 86.9160628804, 6
40.4306008773, 86.9160629274, 7
40.4306008987, 86.9160629744, 6
40.4306009201, 86.9160630214, 5
40.4306009628, 86.9160631154, 10
40.4306009842, 86.9160631624, 8
40.4306010055, 86.9160632094, 8
40.4306010269, 86.9160632564, 5
40.4306010482, 86.9160633034, 5
40.4306010696, 86.9160633505, 6
40.4306011122, 86.9160634445, 8
40.4306011336, 86.9160634916, 7
40.4306011549, 86.9160635386, 7
40.4306011975, 86.9160636327, 7
40.4306012188, 86.9160636798, 5
40.4306012401, 86.9160637269, 7
40.4306012613, 86.9160637739, 7
40.4306012826, 86.9160638210, 5
40.4306013251, 86.9160639152, 7
40.4306013464, 86.9160639623, 5
40.4306013888, 86.9160640566, 6
40.4306014101, 86.9160641037, 7
40.4306014313, 86.9160641508, 7
40.4306014525, 86.9160641980, 5
40.4306014738, 86.9160642452, 7
40.4306014950, 86.9160642923, 5
40.4306015163, 86.9160643395, 5
40.4306015375, 86.9160643867, 7
40.4306015588, 86.9160644339, 5
40.4306015800, 86.9160644811, 7
40.4306016013, 86.9160645283, 7
40.4306016225, 86.9160645755, 5
40.4306016438, 86.9160646227, 5
40.4306016863, 86.9160647170, 6
40.4306017076, 86.9160647642, 7
40.4306017288, 86.9160648114, 7
40.4306017501, 86.9160648586, 8
40.4306017714, 86.9160649058, 5
40.4306018140, 86.9160650002, 6
40.4306018353, 86.9160650474, 5
40.4306025372, 86.9160666062, 37
40.4306032313, 86.9160681648, 39
40.4306038968, 86.9160696821, 37
40.4306045728, 86.9160712518, 38
40.4305920000, 86.9160520000, 40.4305927652, 86.9160538057, 46
40.4305934064, 86.9160553312, 37
40.4305940859, 86.9160569589, 39
40.4305947029, 86.9160584410, 38
40.4305954048, 86.9160601293, 42
40.4305960929, 86.9160617828, 70
40.4305967405, 86.9160633334, 37
40.4305974723, 86.9160650676, 43
40.4305981480, 86.9160666512, 39
40.4305920000, 86.9160520000, 40.4305927827, 86.9160538104, 46
40.4305928033, 86.9160538581, 8
40.4305928445, 86.9160539533, 7
40.4305928651, 86.9160540009, 6
40.4305928857, 86.9160540485, 7
40.4305929063, 86.9160540961, 7
40.4305929268, 86.9160541437, 7
40.4305929680, 86.9160542389, 6
40.4305929885, 86.9160542865, 5
40.4305930296, 86.9160543817, 6
40.4305930707, 86.9160544769, 9
40.4305930912, 86.9160545245, 8
40.4305931118, 86.9160545721, 8
40.4305931323, 86.9160546197, 5
40.4305931733, 86.9160547151, 6
40.4305932143, 86.9160548105, 8
40.4305932349, 86.9160548582, 5
40.4305932554, 86.9160549060, 6
40.4305932759, 86.9160549537, 8
40.4305932964, 86.9160550015, 5
40.4305933169, 86.9160550493, 5
40.4305933374, 86.9160550971, 7
40.4305933784, 86.9160551928, 8
40.4305933989, 86.9160552406, 7
40.4305934194, 86.9160552884, 5
40.4305934399, 86.9160553363, 5
40.4305934603, 86.9160553841, 5
40.4305934808, 86.9160554319, 8
40.4305935012, 86.9160554798, 8
40.4305935217, 86.9160555276, 8
40.4305935421, 86.9160555755, 5
40.4305935625, 86.9160556233, 5
40.4305935830, 86.9160556711, 5
40.4305936238, 86.9160557668, 8
40.4305936442, 86.9160558146, 7
40.4305936646, 86.9160558625, 8
40.4305936849, 86.9160559103, 5
40.4305937053, 86.9160559582, 5
40.4305937257, 86.9160560060, 5
40.4305937665, 86.9160561018, 7
40.4305938072, 86.9160561975, 8
40.4305938276, 86.9160562454, 7
40.4305938683, 86.9160563411, 6
40.4305938886, 86.9160563890, 5
40.4305939089, 86.9160564368, 5
40.4305945341, 86.9160579194, 36
40.4305951740, 86.9160594515, 38
40.4305958106, 86.9160609892, 37
40.4305964625, 86.9160625796, 38
40.4305840000, 86.9160440000, 40.4305847637, 86.9160458859, 46
40.4305854044, 86.9160474855, 38
40.4305860620, 86.9160491414, 68
40.4305866650, 86.9160506603, 38
40.4305873655, 86.9160524203, 42
40.4305880468, 86.9160541294, 40
40.4305887296, 86.9160558371, 40
40.4305893508, 86.9160573948, 39
40.4305899890, 86.9160589998, 39
40.4305840000, 86.9160440000, 40.4305847332, 86.9160458562, 46
40.4305847525, 86.9160459051, 8
40.4305847718, 86.9160459539, 6
40.4305847911, 86.9160460028, 5
40.4305848297, 86.9160461006, 8
40.4305848490, 86.9160461495, 5
40.4305848683, 86.9160461983, 6
40.4305848876, 86.9160462472, 7
40.4305849069, 86.9160462961, 5
40.4305849454, 86.9160463939, 6
40.4305849647, 86.9160464428, 7
40.4305849840, 86.9160464917, 7
40.4305850226, 86.9160465895, 8
40.4305850612, 86.9160466873, 6
40.4305850804, 86.9160467362, 6
40.4305850997, 86.9160467851, 5
40.4305851190, 86.9160468340, 8
40.4305851383, 86.9160468829, 8
40.4305851575, 86.9160469318, 8
40.4305851768, 86.9160469807, 5
40.4305851960, 86.9160470295, 5
40.4305852153, 86.9160470784, 5
40.4305852538, 86.9160471762, 7
40.4305852730, 86.9160472251, 7
40.4305852922, 86.9160472740, 7
40.4305853307, 86.9160473718, 6
40.4305853499, 86.9160474208, 5
40.4305853691, 86.9160474697, 7
40.4305853884, 86.9160475186, 5
40.4305854268, 86.9160476165, 7
40.4305854460, 86.9160476654, 7
40.4305854652, 86.9160477144, 5
40.4305855035, 86.9160478123, 6
40.4305855227, 86.9160478612, 7
40.4305855610, 86.9160479591, 8
40.4305855992, 86.9160480570, 8
40.4305856375, 86.9160481549, 6
40.4305856566, 86.9160482039, 5
40.4305856756, 86.9160482529, 5
40.4305856947, 86.9160483018, 8
40.4305857138, 86.9160483508, 8
40.4305857329, 86.9160483998, 8
40.4305857520, 86.9160484488, 5
40.4305857711, 86.9160484978, 5
40.4305857901, 86.9160485468, 6
40.4305864002, 86.9160501160, 37
40.4305870266, 86.9160517268, 40
40.4305876360, 86.9160532887, 38
40.4305882627, 86.9160548947, 38
40.4305760000, 86.9160350000, 40.4305767559, 86.9160369527, 45
40.4305773397, 86.9160384778, 39
40.4305779738, 86.9160401544, 40
40.4305786410, 86.9160419395, 43
40.4305792156, 86.9160434887, 39
40.4305798815, 86.9160452937, 41
40.4305805309, 86.9160470522, 40
40.4305811265, 86.9160486605, 37
40.4305817394, 86.9160503130, 38
40.4305760000, 86.9160350000, 40.4305767060, 86.9160368960, 45
40.4305767246, 86.9160369459, 7
40.4305767618, 86.9160370457, 6
40.4305767803, 86.9160370956, 5
40.4305768175, 86.9160371953, 6
40.4305768361, 86.9160372451, 6
40.4305768546, 86.9160372950, 7
40.4305768732, 86.9160373448, 7
40.4305768918, 86.9160373947, 5
40.4305769289, 86.9160374943, 6
40.4305769661, 86.9160375940, 9
40.4305769846, 86.9160376438, 7
40.4305770217, 86.9160377434, 8
40.4305770403, 86.9160377931, 5
40.4305770588, 86.9160378429, 5
40.4305770774, 86.9160378927, 5
40.4305771145, 86.9160379921, 9
40.4305771330, 86.9160380419, 8
40.4305771516, 86.9160380916, 8
40.4305771701, 86.9160381413, 5
40.4305771887, 86.9160381911, 5
40.4305772072, 86.9160382408, 5
40.4305772257, 86.9160382905, 7
40.4305772628, 86.9160383900, 8
40.4305772998, 86.9160384894, 8
40.4305773184, 86.9160385391, 5
40.4305773369, 86.9160385889, 5
40.4305773554, 86.9160386386, 6
40.4305773739, 86.9160386884, 6
40.4305773924, 86.9160387382, 7
40.4305774109, 86.9160387879, 7
40.4305774294, 86.9160388377, 5
40.4305774663, 86.9160389374, 6
40.4305774848, 86.9160389872, 6
40.4305775217, 86.9160390869, 7
40.4305775402, 86.9160391368, 6
40.4305775586, 86.9160391867, 7
40.4305775955, 86.9160392865, 6
40.4305776323, 86.9160393864, 6
40.4305776507, 86.9160394363, 7
40.4305776691, 86.9160394863, 6
40.4305777059, 86.9160395862, 7
40.4305777242, 86.9160396361, 7
40.4305777425, 86.9160396861, 5
40.4305777609, 86.9160397361, 5
40.4305783450, 86.9160413441, 68
40.4305789438, 86.9160429990, 40
40.4305795046, 86.9160445509, 36
40.4305801000, 86.9160462025, 38
40.4305670000, 86.9160260000, 40.4305677164, 86.9160279978, 45
40.4305682704, 86.9160295509, 38
40.4305688785, 86.9160312658, 41
40.4305695018, 86.9160330357, 41
40.4305700536, 86.9160346094, 37
40.4305706981, 86.9160364524, 41
40.4305713080, 86.9160381981, 39
40.4305718822, 86.9160398408, 40
40.4305724745, 86.9160415364, 39
40.4305670000, 86.9160260000, 40.4305676621, 86.9160278993, 45
40.4305676978, 86.9160280019, 9
40.4305677157, 86.9160280532, 5
40.4305677515, 86.9160281558, 6
40.4305677694, 86.9160282071, 6
40.4305677873, 86.9160282584, 7
40.4305678051, 86.9160283097, 8
40.4305678230, 86.9160283610, 7
40.4305678588, 86.9160284635, 6
40.4305678945, 86.9160285659, 6
40.4305679124, 86.9160286171, 7
40.4305679302, 86.9160286683, 5
40.4305679659, 86.9160287706, 7
40.4305679838, 86.9160288217, 7
40.4305680195, 86.9160289240, 6
40.4305680373, 86.9160289751, 5
40.4305680552, 86.9160290262, 7
40.4305680730, 86.9160290773, 5
40.4305680908, 86.9160291283, 7
40.4305681087, 86.9160291794, 7
40.4305681443, 86.9160292814, 6
40.4305681622, 86.9160293325, 5
40.4305681800, 86.9160293835, 7
40.4305681978, 86.9160294345, 5
40.4305682156, 86.9160294855, 6
40.4305682335, 86.9160295365, 7
40.4305682513, 86.9160295875, 5
40.4305682691, 86.9160296385, 5
40.4305682869, 86.9160296895, 6
40.4305683047, 86.9160297405, 7
40.4305683226, 86.9160297915, 7
40.4305683404, 86.9160298425, 8
40.4305683582, 86.9160298935, 5
40.4305683938, 86.9160299956, 6
40.4305684116, 86.9160300466, 5
40.4305684472, 86.9160301487, 7
40.4305684650, 86.9160301998, 7
40.4305685006, 86.9160303020, 8
40.4305685184, 86.9160303531, 5
40.4305685362, 86.9160304042, 5
40.4305685540, 86.9160304554, 7
40.4305685718, 86.9160305066, 5
40.4305685895, 86.9160305577, 35
40.4305691303, 86.9160321544, 36
40.4305696850, 86.9160338185, 40
40.4305702375, 86.9160354909, 39
40.4305708017, 86.9160372132, 39
40.4305590000, 86.9160150000, 40.4305596653, 86.9160170383, 46
40.4305602262, 86.9160187594, 39
40.4305608012, 86.9160205249, 39
40.4305613230, 86.9160221273, 37
40.4305619044, 86.9160239307, 43
40.4305624637, 86.9160256874, 40
40.4305629896, 86.9160273523, 38
40.4305635812, 86.9160292433, 43
40.4305640927, 86.9160308794, 36
40.4305646202, 86.9160325693, 37
40.4305590000, 86.9160150000, 40.4305596271, 86.9160170098, 45
40.4305596601, 86.9160171156, 6
40.4305596766, 86.9160171685, 5
40.4305597096, 86.9160172743, 8
40.4305597426, 86.9160173802, 8
40.4305597756, 86.9160174860, 8
40.4305597921, 86.9160175390, 5
40.4305598085, 86.9160175919, 5
40.4305598250, 86.9160176448, 5
40.4305598579, 86.9160177507, 9
40.4305598744, 86.9160178036, 8
40.4305598909, 86.9160178565, 8
40.4305599073, 86.9160179095, 5
40.4305599238, 86.9160179624, 5
40.4305599402, 86.9160180153, 5
40.4305599567, 86.9160180682, 7
40.4305599731, 86.9160181211, 7
40.4305599896, 86.9160181740, 8
40.4305600060, 86.9160182269, 5
40.4305600224, 86.9160182798, 5
40.4305600389, 86.9160183327, 5
40.4305600553, 86.9160183856, 7
40.4305600718, 86.9160184385, 7
40.4305601047, 86.9160185443, 8
40.4305601211, 86.9160185972, 5
40.4305601376, 86.9160186501, 5
40.4305601540, 86.9160187030, 5
40.4305601869, 86.9160188087, 8
40.4305602033, 86.9160188616, 7
40.4305602197, 86.9160189145, 8
40.4305602362, 86.9160189674, 5
40.4305602526, 86.9160190202, 5
40.4305602854, 86.9160191260, 6
40.4305603018, 86.9160191788, 7
40.4305603182, 86.9160192317, 7
40.4305603510, 86.9160193374, 8
40.4305603673, 86.9160193903, 5
40.4305603837, 86.9160194432, 5
40.4305604165, 86.9160195489, 6
40.4305604328, 86.9160196018, 35
40.4305604492, 86.9160196547, 5
40.4305609684, 86.9160213616, 36
40.4305614832, 86.9160230816, 39
40.4305619963, 86.9160248084, 40
40.4305625226, 86.9160265895, 40
40.4305500000, 86.9160040000, 40.4305505999, 86.9160060467, 46
40.4305510994, 86.9160077658, 38
40.4305516261, 86.9160095933, 39
40.4305521624, 86.9160114752, 40
40.4305526593, 86.9160132470, 37
40.4305531655, 86.9160150719, 41
40.4305536386, 86.9160167935, 40
40.4305541771, 86.9160187466, 41
40.4305546451, 86.9160204414, 35
40.4305551341, 86.9160222084, 39
40.4305500000, 86.9160040000, 40.4305505767, 86.9160060610, 45
40.4305505923, 86.9160061167, 5
40.4305506078, 86.9160061724, 5
40.4305506390, 86.9160062838, 6
40.4305506546, 86.9160063395, 7
40.4305506702, 86.9160063952, 7
40.4305506858, 86.9160064509, 8
40.4305507014, 86.9160065066, 5
40.4305507170, 86.9160065623, 5
40.4305507326, 86.9160066179, 5
40.4305507482, 86.9160066736, 7
40.4305507638, 86.9160067292, 7
40.4305507793, 86.9160067849, 7
40.4305507949, 86.9160068405, 5
40.4305508105, 86.9160068961, 5
40.4305508261, 86.9160069518, 5
40.4305508417, 86.9160070074, 7
40.4305508573, 86.9160070630, 7
40.4305508729, 86.9160071186, 8
40.4305508885, 86.9160071742, 5
40.4305509198, 86.9160072854, 6
40.4305509354, 86.9160073410, 5
40.4305509666, 86.9160074521, 7
40.4305509978, 86.9160075632, 8
40.4305510134, 86.9160076187, 7
40.4305510290, 86.9160076742, 5
40.4305510446, 86.9160077297, 5
40.4305510758, 86.9160078407, 8
40.4305510913, 86.9160078962, 7
40.4305511069, 86.9160079517, 5
40.4305511380, 86.9160080627, 7
40.4305511536, 86.9160081182, 5
40.4305511847, 86.9160082292, 6
40.4305512002, 86.9160082847, 7
40.4305512158, 86.9160083402, 7
40.4305512468, 86.9160084513, 8
40.4305512623, 86.9160085068, 5
40.4305512932, 86.9160086178, 6
40.4305513087, 86.9160086733, 38
40.4305513242, 86.9160087289, 5
40.4305513550, 86.9160088400, 6
40.4305518223, 86.9160105673, 37
40.4305523005, 86.9160123577, 39
40.4305527748, 86.9160141508, 40
40.4305532651, 86.9160160045, 40
40.4305410000, 86.9159930000, 40.4305415791, 86.9159951846, 47
40.4305420691, 86.9159970296, 38
40.4305425760, 86.9159989305, 39
40.4305430358, 86.9160006613, 38
40.4305435644, 86.9160026773, 42
40.4305440764, 86.9160046515, 42
40.4305445439, 86.9160064665, 38
40.4305450531, 86.9160084573, 41
40.4305455103, 86.9160102337, 35
40.4305459841, 86.9160120705, 37
40.4305410000, 86.9159930000, 40.4305415498, 86.9159951208, 45
40.4305415796, 86.9159952354, 7
40.4305415944, 86.9159952927, 5
40.4305416093, 86.9159953500, 7
40.4305416242, 86.9159954074, 7
40.4305416390, 86.9159954647, 5
40.4305416688, 86.9159955793, 7
40.4305416837, 86.9159956366, 5
40.4305416985, 86.9159956939, 5
40.4305417134, 86.9159957511, 7
40.4305417283, 86.9159958084, 5
40.4305417581, 86.9159959230, 7
40.4305417730, 86.9159959803, 7
40.4305417879, 86.9159960375, 5
40.4305418177, 86.9159961520, 6
40.4305418325, 86.9159962093, 5
40.4305418474, 86.9159962665, 7
40.4305418623, 86.9159963238, 7
40.4305418921, 86.9159964383, 8
40.4305419070, 86.9159964955, 5
40.4305419219, 86.9159965527, 5
40.4305419368, 86.9159966100, 5
40.4305419517, 86.9159966672, 7
40.4305419666, 86.9159967244, 7
40.4305419815, 86.9159967816, 7
40.4305420113, 86.9159968960, 6
40.4305420262, 86.9159969532, 5
40.4305420411, 86.9159970104, 7
40.4305420560, 86.9159970676, 5
40.4305420857, 86.9159971820, 7
40.4305421006, 86.9159972392, 7
40.4305421155, 86.9159972964, 5
40.4305421303, 86.9159973536, 5
40.4305421600, 86.9159974681, 8
40.4305421897, 86.9159975825, 8
40.4305422045, 86.9159976397, 7
40.4305422193, 86.9159976969, 5
40.4305422341, 86.9159977542, 26
40.4305422489, 86.9159978114, 7
40.4305422785, 86.9159979259, 8
40.4305422932, 86.9159979832, 6
40.4305423080, 86.9159980405, 5
40.4305427537, 86.9159998165, 36
40.4305432211, 86.9160017132, 41
40.4305436891, 86.9160036241, 39
40.4305441569, 86.9160055400, 39
40.4305310000, 86.9159810000, 40.4305315381, 86.9159831999, 46
40.4305320052, 86.9159851079, 38
40.4305324955, 86.9159871248, 40
40.4305329270, 86.9159889079, 37
40.4305334120, 86.9159909269, 41
40.4305338788, 86.9159928927, 42
40.4305343134, 86.9159947466, 39
40.4305347887, 86.9159967846, 41
40.4305352120, 86.9159985961, 36
40.4305356671, 86.9160005346, 38
40.4305310000, 86.9159810000, 40.4305315162, 86.9159831804, 45
40.4305315441, 86.9159832983, 6
40.4305315581, 86.9159833572, 5
40.4305315860, 86.9159834751, 8
40.4305316000, 86.9159835340, 5
40.4305316139, 86.9159835929, 6
40.4305316279, 86.9159836518, 7
40.4305316558, 86.9159837697, 6
40.4305316698, 86.9159838286, 5
40.4305316838, 86.9159838875, 7
40.4305316977, 86.9159839464, 5
40.4305317117, 86.9159840052, 6
40.4305317257, 86.9159840641, 7
40.4305317536, 86.9159841818, 6
40.4305317676, 86.9159842407, 5
40.4305317955, 86.9159843583, 8
40.4305318095, 86.9159844171, 5
40.4305318374, 86.9159845347, 7
40.4305318514, 86.9159845934, 7
40.4305318653, 86.9159846522, 5
40.4305318793, 86.9159847110, 5
40.4305318933, 86.9159847697, 5
40.4305319212, 86.9159848872, 7
40.4305319351, 86.9159849460, 7
40.4305319491, 86.9159850047, 7
40.4305319631, 86.9159850635, 5
40.4305319909, 86.9159851810, 6
40.4305320049, 86.9159852397, 7
40.4305320188, 86.9159852984, 5
40.4305320467, 86.9159854159, 7
40.4305320606, 86.9159854747, 7
40.4305320884, 86.9159855922, 6
40.4305321023, 86.9159856510, 5
40.4305321162, 86.9159857098, 7
40.4305321301, 86.9159857685, 5
40.4305321440, 86.9159858273, 36
40.4305321579, 86.9159858861, 7
40.4305321856, 86.9159860038, 9
40.4305321995, 86.9159860627, 8
40.4305322133, 86.9159861216, 6
40.4305322272, 86.9159861805, 5
40.4305322410, 86.9159862394, 7
40.4305326688, 86.9159881269, 37
40.4305330867, 86.9159900235, 37
40.4305335016, 86.9159919311, 39
40.4305339239, 86.9159938963, 41
40.4305220000, 86.9159700000, 40.4305224798, 86.9159722529, 47
40.4305228936, 86.9159742025, 39
40.4305233045, 86.9159761504, 39
40.4305237246, 86.9159781618, 39
40.4305241288, 86.9159801272, 38
40.4305245642, 86.9159822840, 43
40.4305249356, 86.9159841485, 39
40.4305253528, 86.9159862687, 40
40.4305257355, 86.9159882199, 37
40.4305220000, 86.9159700000, 40.4305224553, 86.9159723252, 43
40.4305228245, 86.9159742246, 36
40.4305228483, 86.9159743472, 6
40.4305228602, 86.9159744085, 5
40.4305228721, 86.9159744698, 7
40.4305228959, 86.9159745923, 8
40.4305229197, 86.9159747149, 8
40.4305229316, 86.9159747762, 5
40.4305229553, 86.9159748988, 6
40.4305229672, 86.9159749600, 7
40.4305229909, 86.9159750826, 8
40.4305230147, 86.9159752051, 8
40.4305230384, 86.9159753276, 6
40.4305230503, 86.9159753889, 5
40.4305230621, 86.9159754501, 5
40.4305230858, 86.9159755725, 9
40.4305230977, 86.9159756337, 8
40.4305231095, 86.9159756949, 8
40.4305231213, 86.9159757561, 5
40.4305231450, 86.9159758784, 6
40.4305231568, 86.9159759396, 5
40.4305231804, 86.9159760619, 7
40.4305232040, 86.9159761841, 8
40.4305232276, 86.9159763063, 8
40.4305232394, 86.9159763674, 5
40.4305232512, 86.9159764285, 5
40.4305232630, 86.9159764896, 7
40.4305232748, 86.9159765507, 5
40.4305232984, 86.9159766729, 7
40.4305233102, 86.9159767340, 7
40.4305233220, 86.9159767950, 5
40.4305233338, 86.9159768561, 5
40.4305233574, 86.9159769782, 8
40.4305233691, 86.9159770393, 7
40.4305233927, 86.9159771614, 27
40.4305234045, 86.9159772225, 6
40.4305234163, 86.9159772836, 7
40.4305234280, 86.9159773447, 7
40.4305234398, 86.9159774058, 8
40.4305234516, 86.9159774669, 6
40.4305234634, 86.9159775280, 5
40.4305238258, 86.9159794313, 36
40.4305242054, 86.9159814580, 41
40.4305245795, 86.9159834896, 40
40.4305249524, 86.9159855248, 39
40.4305130000, 86.9159580000, 40.4305134238, 86.9159603415, 46
40.4305137765, 86.9159623055, 38
40.4305141484, 86.9159643842, 39
40.4305144873, 86.9159662775, 38
40.4305148673, 86.9159684156, 42
40.4305152412, 86.9159705588, 42
40.4305155774, 86.9159725169, 39
40.4305159518, 86.9159747215, 43
40.4305162776, 86.9159766359, 36
40.4305166376, 86.9159787005, 38
40.4305130000, 86.9159580000, 40.4305134216, 86.9159604004, 45
40.4305134327, 86.9159604636, 5
40.4305134438, 86.9159605268, 5
40.4305134549, 86.9159605900, 7
40.4305134660, 86.9159606532, 5
40.4305134882, 86.9159607796, 7
40.4305135105, 86.9159609060, 8
40.4305135216, 86.9159609692, 5
40.4305135327, 86.9159610324, 5
40.4305135549, 86.9159611588, 8
40.4305135660, 86.9159612220, 5
40.4305135882, 86.9159613484, 7
40.4305135993, 86.9159614116, 7
40.4305136215, 86.9159615379, 6
40.4305136326, 86.9159616010, 5
40.4305136436, 86.9159616642, 8
40.4305136658, 86.9159617904, 9
40.4305136769, 86.9159618534, 8
40.4305136880, 86.9159619165, 5
40.4305137101, 86.9159620426, 6
40.4305137211, 86.9159621056, 5
40.4305137322, 86.9159621686, 7
40.4305137432, 86.9159622315, 7
40.4305137543, 86.9159622945, 8
40.4305137653, 86.9159623575, 5
40.4305137764, 86.9159624204, 5
40.4305137985, 86.9159625463, 6
40.4305138095, 86.9159626092, 7
40.4305138205, 86.9159626722, 7
40.4305138316, 86.9159627351, 8
40.4305138426, 86.9159627980, 5
40.4305138536, 86.9159628609, 5
40.4305138757, 86.9159629868, 6
40.4305138868, 86.9159630497, 7
40.4305138978, 86.9159631127, 6
40.4305139088, 86.9159631756, 9
40.4305139199, 86.9159632385, 8
40.4305139419, 86.9159633644, 9
40.4305139530, 86.9159634273, 5
40.4305139640, 86.9159634902, 5
40.4305143006, 86.9159654489, 36
40.4305146519, 86.9159675478, 40
40.4305149837, 86.9159695931, 40
40.4305153142, 86.9159717070, 40
40.4305040000, 86.9159460000, 40.4305043729, 86.9159484390, 46
40.4305046915, 86.9159505559, 38
40.4305050177, 86.9159527353, 39
40.4305053160, 86.9159547223, 38
40.4305056515, 86.9159569621, 42
40.4305059734, 86.9159591392, 42
40.4305062690, 86.9159611797, 39
40.4305065878, 86.9159634729, 42
40.4305068646, 86.9159654704, 36
40.4305071600, 86.9159675526, 38
40.4305040000, 86.9159460000, 40.4305043525, 86.9159484912, 45
40.4305043618, 86.9159485567, 5
40.4305043803, 86.9159486879, 6
40.4305043989, 86.9159488191, 8
40.4305044082, 86.9159488847, 5
40.4305044174, 86.9159489504, 6
40.4305044267, 86.9159490160, 7
40.4305044360, 86.9159490816, 5
40.4305044453, 86.9159491473, 5
40.4305044639, 86.9159492786, 6
40.4305044825, 86.9159494099, 7
40.4305045011, 86.9159495412, 8
40.4305045104, 86.9159496068, 7
40.4305045197, 86.9159496725, 5
40.4305045290, 86.9159497381, 5
40.4305045476, 86.9159498694, 6
40.4305045569, 86.9159499351, 7
40.4305045662, 86.9159500007, 7
40.4305045848, 86.9159501320, 8
40.4305046034, 86.9159502632, 6
40.4305046127, 86.9159503289, 5
40.4305046220, 86.9159503945, 7
40.4305046313, 86.9159504601, 7
40.4305046406, 86.9159505257, 5
40.4305046499, 86.9159505913, 6
40.4305046592, 86.9159506568, 5
40.4305046685, 86.9159507224, 5
40.4305046778, 86.9159507880, 7
40.4305046871, 86.9159508536, 5
40.4305046964, 86.9159509192, 6
40.4305047056, 86.9159509847, 7
40.4305047149, 86.9159510503, 5
40.4305047335, 86.9159511814, 6
40.4305047428, 86.9159512470, 7
40.4305047521, 86.9159513126, 26
40.4305047706, 86.9159514437, 6
40.4305047799, 86.9159515093, 6
40.4305047891, 86.9159515749, 8
40.4305047984, 86.9159516405, 8
40.4305048076, 86.9159517061, 8
40.4305048169, 86.9159517717, 6
40.4305048261, 86.9159518373, 6
40.4305051078, 86.9159538807, 36
40.4305054024, 86.9159560634, 40
40.4305056923, 86.9159582541, 41
40.4305059784, 86.9159604502, 40
40.4304940000, 86.9159340000, 40.4304943273, 86.9159365367, 46
40.4304946036, 86.9159387337, 38
40.4304948809, 86.9159409941, 39
40.4304951301, 86.9159430548, 38
40.4304954114, 86.9159454414, 42
40.4304956720, 86.9159476987, 42
40.4304959216, 86.9159498988, 39
40.4304961837, 86.9159522463, 40
40.4304964141, 86.9159543366, 36
40.4304966414, 86.9159564942, 38
40.4304940000, 86.9159340000, 40.4304942715, 86.9159365726, 45
40.4304942786, 86.9159366403, 5
40.4304942858, 86.9159367080, 5
40.4304942930, 86.9159367758, 5
40.4304943001, 86.9159368435, 6
40.4304943073, 86.9159369113, 7
40.4304943145, 86.9159369790, 7
40.4304943217, 86.9159370468, 5
40.4304943360, 86.9159371823, 6
40.4304943432, 86.9159372501, 7
40.4304943504, 86.9159373179, 7
40.4304943576, 86.9159373856, 5
40.4304943719, 86.9159375211, 7
40.4304943791, 86.9159375889, 5
40.4304943863, 86.9159376566, 5
40.4304943935, 86.9159377244, 7
40.4304944007, 86.9159377921, 7
40.4304944079, 86.9159378599, 5
40.4304944151, 86.9159379276, 6
40.4304944222, 86.9159379954, 5
40.4304944366, 86.9159381308, 6
40.4304944438, 86.9159381986, 7
40.4304944510, 86.9159382663, 7
40.4304944582, 86.9159383340, 5
40.4304944654, 86.9159384017, 6
40.4304944726, 86.9159384694, 5
40.4304944870, 86.9159386048, 6
40.4304944941, 86.9159386725, 7
40.4304945013, 86.9159387402, 7
40.4304945085, 86.9159388078, 7
40.4304945156, 86.9159388755, 5
40.4304945228, 86.9159389431, 5
40.4304945371, 86.9159390784, 38
40.4304945443, 86.9159391461, 5
40.4304945514, 86.9159392137, 5
40.4304945586, 86.9159392814, 7
40.4304945657, 86.9159393490, 6
40.4304945729, 86.9159394167, 6
40.4304945800, 86.9159394843, 8
40.4304945872, 86.9159395520, 6
40.4304945943, 86.9159396197, 5
40.4304948147, 86.9159417187, 36
40.4304950378, 86.9159438877, 39
40.4304952524, 86.9159460573, 40
40.4304954648, 86.9159483050, 39
40.4304840000, 86.9159240000, 40.4304842459, 86.9159266118, 46
40.4304844512, 86.9159288137, 37
40.4304846662, 86.9159311508, 39
40.4304848592, 86.9159332799, 38
40.4304850736, 86.9159356889, 42
40.4304852811, 86.9159381026, 43
40.4304854652, 86.9159403151, 39
40.4304856638, 86.9159427417, 40
40.4304858412, 86.9159448962, 36
40.4304860371, 86.9159471998, 39
40.4304840000, 86.9159240000, 40.4304842458, 86.9159266694, 45
40.4304842522, 86.9159267397, 5
40.4304842587, 86.9159268100, 5
40.4304842652, 86.9159268802, 6
40.4304842717, 86.9159269505, 7
40.4304842847, 86.9159270910, 8
40.4304842913, 86.9159271612, 7
40.4304843043, 86.9159273017, 6
40.4304843108, 86.9159273719, 5
40.4304843174, 86.9159274422, 6
40.4304843239, 86.9159275124, 6
40.4304843304, 86.9159275827, 7
40.4304843435, 86.9159277232, 8
40.4304843501, 86.9159277934, 5
40.4304843567, 86.9159278637, 5
40.4304843632, 86.9159279340, 7
40.4304843764, 86.9159280746, 8
40.4304843896, 86.9159282152, 8
40.4304843962, 86.9159282855, 5
40.4304844094, 86.9159284261, 6
40.4304844160, 86.9159284964, 5
40.4304844226, 86.9159285667, 8
40.4304844359, 86.9159287073, 8
40.4304844425, 86.9159287776, 8
40.4304844491, 86.9159288479, 5
40.4304844558, 86.9159289182, 5
40.4304844691, 86.9159290587, 7
40.4304844757, 86.9159291290, 6
40.4304844890, 86.9159292696, 8
40.4304845023, 86.9159294101, 8
40.4304845090, 86.9159294803, 5
40.4304845157, 86.9159295506, 29
40.4304845224, 86.9159296208, 8
40.4304845290, 86.9159296911, 6
40.4304845357, 86.9159297613, 6
40.4304845424, 86.9159298315, 7
40.4304845491, 86.9159299018, 6
40.4304845558, 86.9159299720, 7
40.4304845624, 86.9159300422, 8
40.4304845691, 86.9159301125, 5
40.4304845758, 86.9159301827, 5
40.4304847803, 86.9159323654, 36
40.4304849882, 86.9159346237, 40
40.4304851972, 86.9159368878, 39
40.4304854078, 86.9159392194, 39
40.4304720000, 86.9159120000, 40.4304722468, 86.9159146939, 46
40.4304724647, 86.9159170379, 38
40.4304726974, 86.9159195276, 40
40.4304729073, 86.9159217347, 38
40.4304731565, 86.9159243057, 42
40.4304734065, 86.9159267444, 41
40.4304736444, 86.9159290450, 39
40.4304738943, 86.9159315531, 40
40.4304741099, 86.9159337748, 36
40.4304743319, 86.9159361401, 38
40.4304720000, 86.9159120000, 40.4304722483, 86.9159147256, 45
40.4304722549, 86.9159147974, 5
40.4304722679, 86.9159149408, 6
40.4304722745, 86.9159150126, 5
40.4304722810, 86.9159150843, 6
40.4304722940, 86.9159152278, 8
40.4304723071, 86.9159153713, 8
40.4304723202, 86.9159155147, 6
40.4304723267, 86.9159155865, 5
40.4304723332, 86.9159156582, 5
40.4304723397, 86.9159157299, 6
40.4304723463, 86.9159158016, 7
40.4304723593, 86.9159159450, 8
40.4304723658, 86.9159160167, 5
40.4304723723, 86.9159160883, 5
40.4304723853, 86.9159162316, 6
40.4304723919, 86.9159163032, 6
40.4304723984, 86.9159163748, 7
40.4304724114, 86.9159165179, 8
40.4304724179, 86.9159165895, 5
40.4304724310, 86.9159167326, 6
40.4304724375, 86.9159168041, 5
40.4304724506, 86.9159169470, 7
40.4304724571, 86.9159170185, 7
40.4304724637, 86.9159170899, 7
40.4304724767, 86.9159172327, 6
40.4304724833, 86.9159173041, 5
40.4304724898, 86.9159173754, 5
40.4304724964, 86.9159174467, 7
40.4304725029, 86.9159175181, 7
40.4304725094, 86.9159175894, 37
40.4304725225, 86.9159177320, 8
40.4304725290, 86.9159178032, 8
40.4304725356, 86.9159178745, 6
40.4304725421, 86.9159179458, 5
40.4304725486, 86.9159180171, 7
40.4304725552, 86.9159180884, 7
40.4304725617, 86.9159181596, 6
40.4304725682, 86.9159182309, 7
40.4304725748, 86.9159183022, 5
40.4304725813, 86.9159183735, 5
40.4304727841, 86.9159205901, 36
40.4304729994, 86.9159229569, 41
40.4304732130, 86.9159253325, 39
40.4304734196, 86.9159277136, 39
40.4304640000, 86.9159030000, 40.4304642402, 86.9159058323, 46
40.4304644461, 86.9159082473, 38
40.4304646583, 86.9159107427, 39
40.4304648519, 86.9159130211, 38
40.4304650746, 86.9159155948, 40
40.4304652968, 86.9159181701, 42
40.4304654996, 86.9159205268, 40
40.4304657255, 86.9159231808, 41
40.4304659194, 86.9159254721, 36
40.4304661243, 86.9159279223, 40
40.4304640000, 86.9159030000, 40.4304642434, 86.9159058402, 45
40.4304642499, 86.9159059149, 5
40.4304642563, 86.9159059897, 5
40.4304642691, 86.9159061392, 6
40.4304642755, 86.9159062139, 7
40.4304642819, 86.9159062887, 7
40.4304642948, 86.9159064383, 8
40.4304643077, 86.9159065879, 6
40.4304643205, 86.9159067375, 6
40.4304643270, 86.9159068123, 5
40.4304643335, 86.9159068871, 6
40.4304643464, 86.9159070368, 8
40.4304643528, 86.9159071116, 7
40.4304643593, 86.9159071864, 5
40.4304643658, 86.9159072613, 5
40.4304643787, 86.9159074109, 6
40.4304643917, 86.9159075606, 7
40.4304643982, 86.9159076355, 7
40.4304644047, 86.9159077103, 7
40.4304644112, 86.9159077852, 5
40.4304644177, 86.9159078600, 5
40.4304644242, 86.9159079349, 5
40.4304644307, 86.9159080097, 6
40.4304644436, 86.9159081594, 8
40.4304644566, 86.9159083090, 8
40.4304644696, 86.9159084587, 6
40.4304644761, 86.9159085335, 5
40.4304644826, 86.9159086083, 5
40.4304644891, 86.9159086831, 6
40.4304644956, 86.9159087579, 37
40.4304645021, 86.9159088326, 7
40.4304645086, 86.9159089074, 8
40.4304645151, 86.9159089822, 8
40.4304645216, 86.9159090569, 6
40.4304645282, 86.9159091317, 5
40.4304645347, 86.9159092064, 5
40.4304645412, 86.9159092812, 6
40.4304645477, 86.9159093559, 7
40.4304645542, 86.9159094306, 7
40.4304645672, 86.9159095801, 6
40.4304645737, 86.9159096548, 6
40.4304647728, 86.9159119690, 36
40.4304649741, 86.9159143630, 39
40.4304651789, 86.9159168443, 40
40.4304653891, 86.9159193404, 40
40.4304560000, 86.9158950000, 40.4304562334, 86.9158978714, 45
40.4304564234, 86.9159002882, 37
40.4304566204, 86.9159028563, 39
40.4304567981, 86.9159052013, 38
40.4304569983, 86.9159079237, 41
40.4304571815, 86.9159104931, 42
40.4304573511, 86.9159129134, 38
40.4304575337, 86.9159155642, 40
40.4304576943, 86.9159179163, 36
40.4304578600, 86.9159203515, 38
40.4304560000, 86.9158950000, 40.4304561974, 86.9158978994, 46
40.4304562026, 86.9158979757, 5
40.4304562130, 86.9158981283, 6
40.4304562182, 86.9158982046, 5
40.4304562286, 86.9158983573, 8
40.4304562338, 86.9158984336, 7
40.4304562442, 86.9158985863, 8
40.4304562494, 86.9158986626, 5
40.4304562546, 86.9158987389, 5
40.4304562650, 86.9158988916, 6
40.4304562702, 86.9158989680, 7
40.4304562754, 86.9158990444, 7
40.4304562806, 86.9158991207, 7
40.4304562858, 86.9158991971, 5
40.4304562963, 86.9158993499, 6
40.4304563015, 86.9158994264, 5
40.4304563067, 86.9158995028, 6
40.4304563120, 86.9158995792, 7
40.4304563225, 86.9158997320, 8
40.4304563277, 86.9158998084, 5
40.4304563330, 86.9158998848, 5
40.4304563435, 86.9159000377, 6
40.4304563487, 86.9159001141, 7
40.4304563540, 86.9159001905, 7
40.4304563645, 86.9159003433, 8
40.4304563750, 86.9159004961, 6
40.4304563855, 86.9159006489, 6
40.4304563908, 86.9159007253, 6
40.4304564014, 86.9159008781, 6
40.4304564066, 86.9159009545, 35
40.4304564119, 86.9159010309, 7
40.4304564172, 86.9159011073, 8
40.4304564278, 86.9159012600, 9
40.4304564331, 86.9159013364, 6
40.4304564384, 86.9159014128, 5
40.4304564437, 86.9159014891, 7
40.4304564490, 86.9159015655, 7
40.4304564543, 86.9159016418, 6
40.4304564649, 86.9159017945, 7
40.4304564702, 86.9159018709, 6
40.4304564809, 86.9159020235, 8
40.4304566537, 86.9159044642, 37
40.4304568318, 86.9159069804, 40
40.4304570024, 86.9159094197, 38
40.4304571752, 86.9159119331, 38
40.4304480000, 86.9158870000, 40.4304482035, 86.9158899813, 46
40.4304483693, 86.9158924322, 37
40.4304485384, 86.9158950367, 39
40.4304487044, 86.9158976476, 39
40.4304488670, 86.9159001909, 38
40.4304490288, 86.9159028135, 41
40.4304491776, 86.9159052810, 40
40.4304493422, 86.9159080565, 41
40.4304494817, 86.9159104468, 36
40.4304496274, 86.9159129947, 39
40.4304480000, 86.9158870000, 40.4304481668, 86.9158899449, 46
40.4304481711, 86.9158900224, 5
40.4304481799, 86.9158901774, 6
40.4304481843, 86.9158902550, 5
40.4304481931, 86.9158904100, 8
40.4304481974, 86.9158904875, 7
40.4304482062, 86.9158906426, 8
40.4304482149, 86.9158907977, 6
40.4304482236, 86.9158909527, 6
40.4304482280, 86.9158910303, 7
40.4304482324, 86.9158911078, 5
40.4304482367, 86.9158911854, 7
40.4304482411, 86.9158912629, 7
40.4304482454, 86.9158913405, 5
40.4304482498, 86.9158914180, 5
40.4304482585, 86.9158915732, 6
40.4304482629, 86.9158916508, 7
40.4304482672, 86.9158917284, 7
40.4304482760, 86.9158918836, 8
40.4304482803, 86.9158919612, 5
40.4304482847, 86.9158920389, 5
40.4304482891, 86.9158921165, 5
40.4304482979, 86.9158922718, 7
40.4304483023, 86.9158923494, 7
40.4304483066, 86.9158924270, 8
40.4304483110, 86.9158925047, 5
40.4304483198, 86.9158926599, 6
40.4304483242, 86.9158927376, 5
40.4304483330, 86.9158928929, 36
40.4304483374, 86.9158929705, 6
40.4304483418, 86.9158930482, 7
40.4304483462, 86.9158931258, 8
40.4304483505, 86.9158932035, 8
40.4304483549, 86.9158932811, 5
40.4304483637, 86.9158934365, 6
40.4304483681, 86.9158935141, 8
40.4304483725, 86.9158935918, 7
40.4304483769, 86.9158936694, 7
40.4304483813, 86.9158937471, 6
40.4304483857, 86.9158938248, 6
40.4304483901, 86.9158939024, 5
40.4304485300, 86.9158963827, 37
40.4304486774, 86.9158989381, 41
40.4304488222, 86.9159014121, 39
40.4304489714, 86.9159039672, 39
40.4304390000, 86.9158770000, 40.4304391809, 86.9158801079, 47
40.4304393279, 86.9158826781, 38
40.4304394739, 86.9158853174, 39
40.4304395978, 86.9158877234, 37
40.4304397308, 86.9158904527, 42
40.4304398554, 86.9158931190, 41
40.4304399723, 86.9158956378, 39
40.4304400980, 86.9158983851, 41
40.4304402060, 86.9159008069, 36
40.4304403199, 86.9159033765, 38
40.4304390000, 86.9158770000, 40.4304391259, 86.9158799503, 46
40.4304391292, 86.9158800279, 5
40.4304391358, 86.9158801832, 6
40.4304391391, 86.9158802608, 5
40.4304391457, 86.9158804160, 7
40.4304391523, 86.9158805712, 8
40.4304391555, 86.9158806488, 7
40.4304391621, 86.9158808040, 6
40.4304391687, 86.9158809592, 6
40.4304391719, 86.9158810368, 7
40.4304391752, 86.9158811144, 5
40.4304391785, 86.9158811920, 7
40.4304391818, 86.9158812696, 7
40.4304391850, 86.9158813472, 5
40.4304391883, 86.9158814249, 5
40.4304391915, 86.9158815025, 7
40.4304391948, 86.9158815801, 5
40.4304391981, 86.9158816578, 7
40.4304392013, 86.9158817355, 7
40.4304392046, 86.9158818132, 5
40.4304392078, 86.9158818909, 5
40.4304392143, 86.9158820464, 8
40.4304392208, 86.9158822020, 8
40.4304392241, 86.9158822798, 7
40.4304392273, 86.9158823576, 5
40.4304392306, 86.9158824355, 5
40.4304392338, 86.9158825134, 5
40.4304392403, 86.9158826691, 30
40.4304392436, 86.9158827470, 5
40.4304392501, 86.9158829027, 7
40.4304392533, 86.9158829806, 7
40.4304392566, 86.9158830585, 5
40.4304392598, 86.9158831363, 6
40.4304392630, 86.9158832142, 7
40.4304392663, 86.9158832920, 6
40.4304392695, 86.9158833699, 5
40.4304392760, 86.9158835256, 8
40.4304392825, 86.9158836813, 9
40.4304392858, 86.9158837592, 7
40.4304392890, 86.9158838370, 5
40.4304392923, 86.9158839149, 5
40.4304392955, 86.9158839928, 5
40.4304393980, 86.9158864773, 37
40.4304394999, 86.9158889573, 39
40.4304396014, 86.9158914313, 39
40.4304397081, 86.9158939824, 38
40.4304290000, 86.9158680000, 40.4304291192, 86.9158709341, 45
40.4304292146, 86.9158734748, 38
40.4304293034, 86.9158760938, 39
40.4304293796, 86.9158784903, 37
40.4304294646, 86.9158812826, 42
40.4304295424, 86.9158840022, 42
40.4304296100, 86.9158865704, 40
40.4304296766, 86.9158893016, 40
40.4304297320, 86.9158917225, 36
40.4304297833, 86.9158942178, 38
40.4304290000, 86.9158680000, 40.4304290548, 86.9158709589, 46
40.4304290577, 86.9158711146, 6
40.4304290591, 86.9158711925, 5
40.4304290619, 86.9158713482, 8
40.4304290634, 86.9158714261, 7
40.4304290648, 86.9158715039, 5
40.4304290676, 86.9158716597, 7
40.4304290704, 86.9158718154, 6
40.4304290719, 86.9158718933, 5
40.4304290747, 86.9158720490, 8
40.4304290775, 86.9158722048, 8
40.4304290789, 86.9158722827, 7
40.4304290817, 86.9158724385, 6
40.4304290831, 86.9158725164, 5
40.4304290859, 86.9158726723, 7
40.4304290873, 86.9158727502, 7
40.4304290887, 86.9158728282, 8
40.4304290901, 86.9158729061, 8
40.4304290916, 86.9158729841, 5
40.4304290944, 86.9158731400, 6
40.4304290958, 86.9158732179, 5
40.4304290973, 86.9158732959, 6
40.4304291001, 86.9158734518, 8
40.4304291015, 86.9158735298, 7
40.4304291044, 86.9158736857, 6
40.4304291072, 86.9158738416, 37
40.4304291087, 86.9158739196, 5
40.4304291101, 86.9158739976, 6
40.4304291115, 86.9158740756, 6
40.4304291129, 86.9158741536, 7
40.4304291144, 86.9158742316, 8
40.4304291158, 86.9158743096, 7
40.4304291172, 86.9158743876, 6
40.4304291187, 86.9158744656, 5
40.4304291215, 86.9158746216, 8
40.4304291229, 86.9158746996, 7
40.4304291257, 86.9158748556, 9
40.4304291271, 86.9158749336, 5
40.4304291286, 86.9158750116, 5
40.4304291314, 86.9158751677, 6
40.4304291763, 86.9158775937, 36
40.4304292239, 86.9158801032, 39
40.4304292728, 86.9158826110, 38
40.4304293233, 86.9158851907, 39
40.4304200000, 86.9158600000, 40.4304200616, 86.9158630404, 46
40.4304201125, 86.9158656096, 38
40.4304201630, 86.9158682547, 39
40.4304202077, 86.9158707442, 38
40.4304202572, 86.9158735535, 42
40.4304203003, 86.9158762141, 42
40.4304203341, 86.9158787215, 39
40.4304203697, 86.9158815473, 41
40.4304204022, 86.9158839814, 36
40.4304204348, 86.9158864895, 38
40.4304200000, 86.9158600000, 40.4304200370, 86.9158629705, 46
40.4304200379, 86.9158630487, 5
40.4304200389, 86.9158631268, 5
40.4304200409, 86.9158632831, 6
40.4304200418, 86.9158633613, 7
40.4304200428, 86.9158634395, 7
40.4304200447, 86.9158635958, 8
40.4304200467, 86.9158637521, 6
40.4304200486, 86.9158639084, 6
40.4304200496, 86.9158639865, 7
40.4304200506, 86.9158640647, 5
40.4304200516, 86.9158641428, 7
40.4304200535, 86.9158642991, 8
40.4304200545, 86.9158643773, 6
40.4304200564, 86.9158645336, 6
40.4304200574, 86.9158646118, 7
40.4304200584, 86.9158646899, 5
40.4304200603, 86.9158648463, 7
40.4304200613, 86.9158649245, 7
40.4304200623, 86.9158650027, 5
40.4304200632, 86.9158650809, 5
40.4304200642, 86.9158651591, 5
40.4304200652, 86.9158652373, 6
40.4304200662, 86.9158653155, 7
40.4304200682, 86.9158654720, 8
40.4304200692, 86.9158655503, 36
40.4304200702, 86.9158656285, 8
40.4304200712, 86.9158657068, 6
40.4304200722, 86.9158657850, 6
40.4304200732, 86.9158658633, 6
40.4304200742, 86.9158659416, 6
40.4304200762, 86.9158660981, 8
40.4304200782, 86.9158662547, 8
40.4304200793, 86.9158663330, 6
40.4304200803, 86.9158664112, 5
40.4304200813, 86.9158664896, 9
40.4304200824, 86.9158665679, 8
40.4304200844, 86.9158667245, 9
40.4304200855, 86.9158668029, 5
40.4304200865, 86.9158668812, 5
40.4304200876, 86.9158669595, 5
40.4304201260, 86.9158694666, 37
40.4304201661, 86.9158719690, 38
40.4304202072, 86.9158744663, 37
40.4304202508, 86.9158770353, 38
40.4304110000, 86.9158500000, 40.4304110515, 86.9158530289, 46
40.4304110958, 86.9158555139, 38
40.4304111441, 86.9158581522, 40
40.4304111863, 86.9158605558, 37
40.4304112310, 86.9158632700, 40
40.4304112728, 86.9158659102, 42
40.4304113128, 86.9158683977, 39
40.4304113547, 86.9158711975, 41
40.4304113936, 86.9158736129, 36
40.4304114397, 86.9158761905, 39
40.4304110000, 86.9158500000, 40.4304110538, 86.9158529668, 45
40.4304110552, 86.9158530449, 5
40.4304110581, 86.9158532010, 6
40.4304110595, 86.9158532790, 5
40.4304110623, 86.9158534352, 8
40.4304110638, 86.9158535132, 7
40.4304110652, 86.9158535913, 8
40.4304110666, 86.9158536693, 5
40.4304110681, 86.9158537474, 5
40.4304110695, 86.9158538255, 5
40.4304110724, 86.9158539816, 8
40.4304110738, 86.9158540596, 7
40.4304110753, 86.9158541377, 8
40.4304110767, 86.9158542157, 5
40.4304110782, 86.9158542938, 5
40.4304110796, 86.9158543718, 5
40.4304110825, 86.9158545279, 7
40.4304110840, 86.9158546060, 7
40.4304110854, 86.9158546840, 8
40.4304110869, 86.9158547620, 5
40.4304110883, 86.9158548401, 5
40.4304110898, 86.9158549181, 5
40.4304110912, 86.9158549962, 7
40.4304110927, 86.9158550742, 7
40.4304110942, 86.9158551523, 8
40.4304110956, 86.9158552304, 37
40.4304110971, 86.9158553084, 8
40.4304110985, 86.9158553865, 6
40.4304111000, 86.9158554646, 6
40.4304111015, 86.9158555427, 5
40.4304111029, 86.9158556208, 6
40.4304111058, 86.9158557770, 8
40.4304111073, 86.9158558551, 8
40.4304111087, 86.9158559332, 6
40.4304111117, 86.9158560895, 6
40.4304111132, 86.9158561677, 8
40.4304111146, 86.9158562459, 7
40.4304111161, 86.9158563241, 7
40.4304111191, 86.9158564805, 6
40.4304111222, 86.9158566370, 6
40.4304111237, 86.9158567152, 5
40.4304111725, 86.9158591390, 36
40.4304112265, 86.9158616386, 39
40.4304112812, 86.9158641356, 38
40.4304113411, 86.9158667065, 39
40.4304030000, 86.9158390000, 40.4304030741, 86.9158419563, 46
40.4304031359, 86.9158444415, 38
40.4304032009, 86.9158470791, 39
40.4304032576, 86.9158494846, 38
40.4304033163, 86.9158522808, 42
40.4304033661, 86.9158550093, 43
40.4304034097, 86.9158575172, 39
40.4304034486, 86.9158603437, 42
40.4304034801, 86.9158627830, 36
40.4304035155, 86.9158653861, 37
40.4304030000, 86.9158390000, 40.4304030378, 86.9158419202, 44
40.4304030389, 86.9158419991, 5
40.4304030399, 86.9158420780, 5
40.4304030409, 86.9158421569, 7
40.4304030419, 86.9158422359, 5
40.4304030429, 86.9158423148, 6
40.4304030450, 86.9158424727, 8
40.4304030460, 86.9158425516, 5
40.4304030470, 86.9158426305, 5
40.4304030480, 86.9158427095, 5
40.4304030490, 86.9158427884, 6
40.4304030500, 86.9158428674, 7
40.4304030510, 86.9158429463, 7
40.4304030520, 86.9158430252, 5
40.4304030530, 86.9158431042, 5
40.4304030551, 86.9158432621, 6
40.4304030561, 86.9158433410, 7
40.4304030571, 86.9158434200, 7
40.4304030581, 86.9158434990, 7
40.4304030591, 86.9158435779, 5
40.4304030611, 86.9158437358, 6
40.4304030621, 86.9158438148, 5
40.4304030630, 86.9158438938, 7
40.4304030640, 86.9158439728, 7
40.4304030660, 86.9158441308, 27
40.4304030670, 86.9158442098, 8
40.4304030680, 86.9158442888, 8
40.4304030700, 86.9158444468, 9
40.4304030720, 86.9158446049, 7
40.4304030729, 86.9158446840, 5
40.4304030749, 86.9158448420, 8
40.4304030769, 86.9158450001, 8
40.4304030788, 86.9158451582, 8
40.4304030808, 86.9158453163, 6
40.4304030818, 86.9158453953, 6
40.4304030827, 86.9158454744, 6
40.4304030837, 86.9158455534, 8
40.4304030847, 86.9158456325, 8
40.4304030856, 86.9158457115, 8
40.4304030866, 86.9158457906, 5
40.4304030886, 86.9158459488, 6
40.4304030896, 86.9158460278, 6
40.4304031210, 86.9158484826, 36
40.4304031596, 86.9158511026, 39
40.4304032007, 86.9158536470, 38
40.4304032448, 86.9158562715, 38
40.4303950000, 86.9158290000, 40.4303950507, 86.9158320195, 45
40.4303950931, 86.9158346371, 38
40.4303951368, 86.9158373324, 39
40.4303951765, 86.9158397864, 38
40.4303952206, 86.9158425524, 41
40.4303952621, 86.9158452399, 41
40.4303953004, 86.9158478603, 40
40.4303953407, 86.9158506508, 40
40.4303953694, 86.9158531244, 36
40.4303954011, 86.9158557620, 39
40.4303950000, 86.9158290000, 40.4303950419, 86.9158320383, 45
40.4303950441, 86.9158321982, 6
40.4303950452, 86.9158322782, 5
40.4303950475, 86.9158324381, 6
40.4303950497, 86.9158325979, 7
40.4303950519, 86.9158327578, 8
40.4303950530, 86.9158328377, 7
40.4303950553, 86.9158329975, 6
40.4303950564, 86.9158330774, 5
40.4303950575, 86.9158331573, 5
40.4303950587, 86.9158332372, 7
40.4303950598, 86.9158333171, 7
40.4303950609, 86.9158333970, 7
40.4303950621, 86.9158334769, 5
40.4303950632, 86.9158335568, 5
40.4303950643, 86.9158336367, 5
40.4303950666, 86.9158337965, 7
40.4303950689, 86.9158339563, 8
40.4303950701, 86.9158340362, 7
40.4303950724, 86.9158341961, 6
40.4303950735, 86.9158342760, 5
40.4303950747, 86.9158343559, 6
40.4303950759, 86.9158344358, 35
40.4303950782, 86.9158345957, 7
40.4303950794, 86.9158346756, 8
40.4303950805, 86.9158347555, 8
40.4303950817, 86.9158348355, 8
40.4303950829, 86.9158349154, 6
40.4303950852, 86.9158350754, 6
40.4303950876, 86.9158352353, 8
40.4303950888, 86.9158353153, 5
40.4303950900, 86.9158353953, 7
40.4303950911, 86.9158354753, 7
40.4303950935, 86.9158356353, 7
40.4303950947, 86.9158357153, 5
40.4303950959, 86.9158357953, 8
40.4303950983, 86.9158359553, 9
40.4303950995, 86.9158360353, 8
40.4303951007, 86.9158361153, 5
40.4303951031, 86.9158362754, 6
40.4303951505, 86.9158387598, 36
40.4303952064, 86.9158413977, 39
40.4303952737, 86.9158440350, 39
40.4303953498, 86.9158466692, 40
40.4303860000, 86.9158190000, 40.4303860988, 86.9158221049, 46
40.4303861846, 86.9158246457, 37
40.4303862803, 86.9158273432, 39
40.4303863707, 86.9158298009, 37
40.4303864785, 86.9158326534, 43
40.4303865690, 86.9158351073, 38
40.4303866692, 86.9158379640, 40
40.4303867632, 86.9158406762, 39
40.4303868460, 86.9158432289, 37
40.4303869265, 86.9158458589, 38
40.4303860000, 86.9158190000, 40.4303860942, 86.9158220321, 45
40.4303860966, 86.9158221119, 8
40.4303860991, 86.9158221917, 5
40.4303861016, 86.9158222715, 5
40.4303861066, 86.9158224311, 6
40.4303861091, 86.9158225109, 7
40.4303861116, 86.9158225907, 7
40.4303861166, 86.9158227503, 8
40.4303861191, 86.9158228301, 5
40.4303861216, 86.9158229099, 5
40.4303861241, 86.9158229897, 5
40.4303861291, 86.9158231493, 8
40.4303861317, 86.9158232291, 7
40.4303861342, 86.9158233089, 7
40.4303861392, 86.9158234685, 6
40.4303861417, 86.9158235483, 5
40.4303861468, 86.9158237079, 8
40.4303861493, 86.9158237876, 5
40.4303861544, 86.9158239472, 7
40.4303861569, 86.9158240270, 7
40.4303861595, 86.9158241067, 5
40.4303861620, 86.9158241865, 5
40.4303861645, 86.9158242663, 35
40.4303861671, 86.9158243461, 5
40.4303861696, 86.9158244258, 6
40.4303861722, 86.9158245056, 8
40.4303861747, 86.9158245854, 8
40.4303861773, 86.9158246652, 8
40.4303861824, 86.9158248248, 7
40.4303861850, 86.9158249046, 5
40.4303861901, 86.9158250642, 8
40.4303861927, 86.9158251440, 7
40.4303861952, 86.9158252239, 7
40.4303862004, 86.9158253835, 7
40.4303862030, 86.9158254633, 5
40.4303862055, 86.9158255432, 5
40.4303862081, 86.9158256230, 8
40.4303862107, 86.9158257028, 8
40.4303862133, 86.9158257827, 8
40.4303862159, 86.9158258625, 5
40.4303862211, 86.9158260223, 6
40.4303862237, 86.9158261022, 5
40.4303863150, 86.9158285863, 36
40.4303864158, 86.9158311461, 38
40.4303865254, 86.9158337019, 37
40.4303866486, 86.9158363373, 38
40.4303790000, 86.9158090000, 40.4303791557, 86.9158121083, 46
40.4303792925, 86.9158147322, 38
40.4303794378, 86.9158174295, 39
40.4303795800, 86.9158199657, 38
40.4303797455, 86.9158228170, 42
40.4303799094, 86.9158255867, 42
40.4303800625, 86.9158281971, 40
40.4303802308, 86.9158309787, 39
40.4303803847, 86.9158335243, 36
40.4303805480, 86.9158361583, 39
40.4303790000, 86.9158090000, 40.4303792065, 86.9158120526, 45
40.4303792174, 86.9158122133, 6
40.4303792229, 86.9158122937, 5
40.4303792283, 86.9158123741, 5
40.4303792338, 86.9158124544, 7
40.4303792394, 86.9158125348, 7
40.4303792504, 86.9158126955, 8
40.4303792615, 86.9158128562, 6
40.4303792670, 86.9158129366, 5
40.4303792782, 86.9158130972, 8
40.4303792837, 86.9158131775, 5
40.4303792893, 86.9158132578, 6
40.4303792949, 86.9158133381, 7
40.4303793005, 86.9158134184, 5
40.4303793061, 86.9158134987, 5
40.4303793118, 86.9158135789, 7
40.4303793174, 86.9158136592, 5
40.4303793287, 86.9158138197, 7
40.4303793344, 86.9158138999, 7
40.4303793457, 86.9158140603, 6
40.4303793514, 86.9158141405, 36
40.4303793571, 86.9158142207, 5
40.4303793628, 86.9158143009, 6
40.4303793685, 86.9158143811, 6
40.4303793742, 86.9158144613, 8
40.4303793800, 86.9158145415, 7
40.4303793857, 86.9158146217, 7
40.4303793914, 86.9158147019, 6
40.4303793971, 86.9158147821, 5
40.4303794029, 86.9158148623, 7
40.4303794086, 86.9158149425, 7
40.4303794144, 86.9158150227, 8
40.4303794201, 86.9158151029, 5
40.4303794259, 86.9158151831, 5
40.4303794374, 86.9158153436, 6
40.4303794431, 86.9158154238, 8
40.4303794489, 86.9158155040, 8
40.4303794546, 86.9158155843, 8
40.4303794604, 86.9158156645, 5
40.4303794662, 86.9158157448, 5
40.4303796454, 86.9158182309, 36
40.4303798370, 86.9158208783, 40
40.4303800344, 86.9158234575, 40
40.4303802429, 86.9158261142, 40
40.4303750000, 86.9157950000, 40.4303752485, 86.9157980399, 46
40.4303754676, 86.9158005926, 38
40.4303757148, 86.9158033015, 39
40.4303759473, 86.9158057630, 38
40.4303762252, 86.9158086103, 41
40.4303764926, 86.9158112923, 41
40.4303767476, 86.9158138148, 40
40.4303770332, 86.9158165842, 40
40.4303772908, 86.9158190409, 36
40.4303775634, 86.9158216546, 40
40.4303750000, 86.9157950000, 40.4303753221, 86.9157980160, 45
40.4303753306, 86.9157980954, 5
40.4303753391, 86.9157981748, 5
40.4303753476, 86.9157982542, 6
40.4303753561, 86.9157983336, 8
40.4303753646, 86.9157984129, 7
40.4303753731, 86.9157984923, 8
40.4303753816, 86.9157985717, 5
40.4303753986, 86.9157987304, 6
40.4303754071, 86.9157988098, 5
40.4303754156, 86.9157988891, 7
40.4303754327, 86.9157990478, 8
40.4303754412, 86.9157991272, 7
40.4303754583, 86.9157992858, 6
40.4303754669, 86.9157993651, 5
40.4303754840, 86.9157995237, 8
40.4303754925, 86.9157996030, 5
40.4303755011, 86.9157996822, 6
40.4303755182, 86.9157998407, 8
40.4303755268, 86.9157999200, 5
40.4303755354, 86.9157999992, 5
40.4303755439, 86.9158000784, 5
40.4303755525, 86.9158001576, 5
40.4303755611, 86.9158002369, 6
40.4303755697, 86.9158003161, 8
40.4303755783, 86.9158003953, 8
40.4303755869, 86.9158004746, 8
40.4303755956, 86.9158005538, 6
40.4303756128, 86.9158007123, 7
40.4303756215, 86.9158007916, 7
40.4303756301, 86.9158008708, 5
40.4303756387, 86.9158009501, 7
40.4303756474, 86.9158010293, 7
40.4303756561, 86.9158011086, 5
40.4303756647, 86.9158011878, 5
40.4303756734, 86.9158012671, 8
40.4303756821, 86.9158013464, 8
40.4303756908, 86.9158014257, 8
40.4303756995, 86.9158015049, 5
40.4303757169, 86.9158016635, 6
40.4303759988, 86.9158041322, 37
40.4303763064, 86.9158066862, 37
40.4303766348, 86.9158093131, 38
40.4303769739, 86.9158119330, 38
40.4303773461, 86.9158147051, 40
40.4303777046, 86.9158173077, 38
40.4303780961, 86.9158200577, 42
40.4303784493, 86.9158224822, 38
40.4303788669, 86.9158252833, 41
40.4303792702, 86.9158279199, 40
40.4303796691, 86.9158304718, 37
40.4303800831, 86.9158330913, 39
40.4303804840, 86.9158355683, 39
40.4303809070, 86.9158381272, 40
40.4303740000, 86.9157800000, 40.4303744950, 86.9157829413, 45
40.4303745081, 86.9157830187, 7
40.4303745342, 86.9157831735, 6
40.4303745472, 86.9157832509, 5
40.4303745603, 86.9157833283, 6
40.4303745733, 86.9157834057, 8
40.4303745864, 86.9157834831, 8
40.4303745995, 86.9157835605, 8
40.4303746126, 86.9157836379, 5
40.4303746257, 86.9157837153, 5
40.4303746519, 86.9157838701, 6
40.4303746782, 86.9157840248, 8
40.4303746913, 86.9157841022, 7
40.4303747045, 86.9157841796, 8
40.4303747176, 86.9157842569, 5
40.4303747308, 86.9157843343, 5
40.4303747440, 86.9157844117, 5
40.4303747572, 86.9157844890, 7
40.4303747704, 86.9157845664, 7
40.4303747968, 86.9157847211, 8
40.4303748100, 86.9157847985, 5
40.4303748364, 86.9157849532, 38
40.4303748497, 86.9157850305, 5
40.4303748629, 86.9157851078, 6
40.4303748894, 86.9157852624, 7
40.4303749026, 86.9157853398, 8
40.4303749159, 86.9157854171, 7
40.4303749424, 86.9157855716, 8
40.4303749556, 86.9157856489, 6
40.4303749689, 86.9157857262, 5
40.4303749821, 86.9157858035, 7
40.4303749954, 86.9157858807, 8
40.4303750087, 86.9157859580, 7
40.4303750219, 86.9157860353, 5
40.4303750485, 86.9157861898, 6
40.4303750618, 86.9157862670, 6
40.4303750751, 86.9157863443, 8
40.4303750883, 86.9157864215, 8
40.4303751016, 86.9157864987, 8
40.4303751149, 86.9157865760, 5
40.4303751282, 86.9157866532, 5
40.4303755491, 86.9157890518, 36
40.4303760048, 86.9157916034, 39
40.4303764676, 86.9157941538, 39
40.4303769414, 86.9157967033, 40
40.4303740000, 86.9157670000, 40.4303745722, 86.9157700080, 44
40.4303750682, 86.9157725492, 37
40.4303755897, 86.9157751563, 39
40.4303760726, 86.9157775178, 36
40.4303766409, 86.9157802350, 43
40.4303771865, 86.9157827889, 41
40.4303777069, 86.9157851825, 38
40.4303782846, 86.9157877917, 39
40.4303787983, 86.9157900950, 37
40.4303793313, 86.9157924757, 38
40.4303740000, 86.9157670000, 40.4303746333, 86.9157698272, 45
40.4303746500, 86.9157699016, 8
40.4303746666, 86.9157699760, 5
40.4303746833, 86.9157700504, 5
40.4303747166, 86.9157701991, 8
40.4303747332, 86.9157702735, 5
40.4303747665, 86.9157704222, 7
40.4303747998, 86.9157705709, 8
40.4303748165, 86.9157706452, 5
40.4303748498, 86.9157707940, 6
40.4303748665, 86.9157708683, 7
40.4303748832, 86.9157709427, 7
40.4303748999, 86.9157710171, 5
40.4303749166, 86.9157710915, 6
40.4303749500, 86.9157712403, 6
40.4303749668, 86.9157713147, 5
40.4303749835, 86.9157713890, 7
40.4303750002, 86.9157714634, 7
40.4303750170, 86.9157715378, 7
40.4303750337, 86.9157716121, 6
40.4303750672, 86.9157717608, 37
40.4303750840, 86.9157718352, 7
40.4303751176, 86.9157719838, 7
40.4303751344, 86.9157720582, 6
40.4303751512, 86.9157721325, 7
40.4303751680, 86.9157722068, 7
40.4303751848, 86.9157722811, 7
40.4303752016, 86.9157723555, 5
40.4303752185, 86.9157724298, 5
40.4303752353, 86.9157725041, 5
40.4303752522, 86.9157725784, 8
40.4303752690, 86.9157726528, 7
40.4303752859, 86.9157727271, 7
40.4303753197, 86.9157728758, 6
40.4303753365, 86.9157729501, 5
40.4303753703, 86.9157730988, 8
40.4303753872, 86.9157731731, 5
40.4303754041, 86.9157732475, 6
40.4303754210, 86.9157733218, 7
40.4303754548, 86.9157734705, 6
40.4303754717, 86.9157735449, 5
40.4303754886, 86.9157736193, 7
40.4303755055, 86.9157736936, 5
40.4303760340, 86.9157760105, 37
40.4303765983, 86.9157784176, 37
40.4303771875, 86.9157808862, 39
40.4303777903, 86.9157833517, 38
40.4303780000, 86.9157530000, 40.4303787172, 86.9157558391, 45
40.4303793496, 86.9157582910, 39
40.4303800125, 86.9157608043, 39
40.4303806247, 86.9157630818, 35
40.4303813250, 86.9157656428, 40
40.4303820094, 86.9157681176, 41
40.4303826738, 86.9157705077, 40
40.4303834005, 86.9157731079, 41
40.4303840274, 86.9157753433, 36
40.4303846747, 86.9157776469, 37
40.4303780000, 86.9157530000, 40.4303787726, 86.9157557302, 43
40.4303787929, 86.9157558020, 5
40.4303788133, 86.9157558739, 5
40.4303788539, 86.9157560175, 8
40.4303788743, 86.9157560893, 7
40.4303789150, 86.9157562329, 8
40.4303789354, 86.9157563047, 5
40.4303789761, 86.9157564483, 6
40.4303789965, 86.9157565201, 7
40.4303790374, 86.9157566637, 8
40.4303790782, 86.9157568072, 8
40.4303791192, 86.9157569507, 6
40.4303791396, 86.9157570225, 5
40.4303791601, 86.9157570942, 6
40.4303791806, 86.9157571659, 8
40.4303792011, 86.9157572377, 8
40.4303792215, 86.9157573094, 8
40.4303792420, 86.9157573811, 28
40.4303792625, 86.9157574528, 8
40.4303792830, 86.9157575245, 8
40.4303793240, 86.9157576678, 7
40.4303793651, 86.9157578111, 7
40.4303793856, 86.9157578828, 8
40.4303794061, 86.9157579544, 8
40.4303794266, 86.9157580261, 8
40.4303794677, 86.9157581693, 7
40.4303794883, 86.9157582410, 5
40.4303795088, 86.9157583126, 8
40.4303795294, 86.9157583842, 7
40.4303795499, 86.9157584558, 7
40.4303795705, 86.9157585275, 5
40.4303796116, 86.9157586707, 6
40.4303796527, 86.9157588138, 7
40.4303796733, 86.9157588854, 8
40.4303796938, 86.9157589570, 8
40.4303797144, 86.9157590286, 8
40.4303797349, 86.9157591001, 5
40.4303797555, 86.9157591717, 5
40.4303804185, 86.9157614639, 37
40.4303811083, 86.9157638368, 40
40.4303818094, 86.9157662124, 41
40.4303825162, 86.9157685778, 40
40.4303830000, 86.9157390000, 40.4303838241, 86.9157417205, 46
40.4303845259, 86.9157440097, 38
40.4303852762, 86.9157464283, 39
40.4303859668, 86.9157486211, 38
40.4303867567, 86.9157510823, 40
40.4303875339, 86.9157534633, 41
40.4303882757, 86.9157556975, 39
40.4303890946, 86.9157581365, 40
40.4303898246, 86.9157602952, 36
40.4303906271, 86.9157626596, 41
40.4303830000, 86.9157390000, 40.4303839004, 86.9157416518, 45
40.4303839241, 86.9157417216, 5
40.4303839478, 86.9157417914, 6
40.4303839715, 86.9157418612, 5
40.4303840189, 86.9157420008, 9
40.4303840426, 86.9157420706, 8
40.4303840663, 86.9157421404, 8
40.4303840900, 86.9157422102, 5
40.4303841137, 86.9157422801, 5
40.4303841374, 86.9157423499, 6
40.4303841848, 86.9157424895, 8
40.4303842085, 86.9157425593, 7
40.4303842322, 86.9157426292, 8
40.4303842559, 86.9157426990, 5
40.4303843034, 86.9157428386, 6
40.4303843508, 86.9157429782, 7
40.4303843983, 86.9157431178, 6
40.4303844221, 86.9157431876, 7
40.4303844696, 86.9157433272, 8
40.4303844934, 86.9157433970, 37
40.4303845172, 86.9157434668, 7
40.4303845647, 86.9157436063, 7
40.4303845885, 86.9157436761, 6
40.4303846123, 86.9157437458, 7
40.4303846599, 86.9157438853, 8
40.4303846837, 86.9157439550, 7
40.4303847313, 86.9157440945, 7
40.4303847551, 86.9157441642, 5
40.4303847789, 86.9157442339, 5
40.4303848028, 86.9157443036, 8
40.4303848505, 86.9157444430, 8
40.4303848743, 86.9157445127, 7
40.4303848982, 86.9157445824, 5
40.4303849220, 86.9157446521, 5
40.4303849697, 86.9157447914, 8
40.4303850175, 86.9157449308, 8
40.4303850414, 86.9157450004, 7
40.4303850652, 86.9157450701, 6
40.4303850891, 86.9157451398, 5
40.4303851369, 86.9157452791, 6
40.4303858808, 86.9157474468, 36
40.4303866725, 86.9157497561, 41
40.4303874477, 86.9157520053, 40
40.4303882580, 86.9157543315, 38
40.4303880000, 86.9157260000, 40.4303889465, 86.9157286782, 45
40.4303897530, 86.9157309341, 37
40.4303906406, 86.9157333950, 40
40.4303914308, 86.9157355689, 37
40.4303923249, 86.9157380106, 40
40.4303932470, 86.9157405045, 42
40.4303940670, 86.9157427110, 40
40.4303949668, 86.9157451207, 40
40.4303958456, 86.9157474635, 39
40.4303966756, 86.9157496633, 38
40.4303880000, 86.9157260000, 40.4303889866, 86.9157286063, 46
40.4303890125, 86.9157286749, 5
40.4303890385, 86.9157287435, 5
40.4303890904, 86.9157288807, 7
40.4303891164, 86.9157289493, 6
40.4303891424, 86.9157290179, 7
40.4303891944, 86.9157291551, 8
40.4303892204, 86.9157292237, 5
40.4303892464, 86.9157292923, 5
40.4303892724, 86.9157293609, 6
40.4303892983, 86.9157294295, 6
40.4303893243, 86.9157294981, 7
40.4303893503, 86.9157295666, 7
40.4303894023, 86.9157297037, 6
40.4303894282, 86.9157297723, 5
40.4303894542, 86.9157298408, 6
40.4303894802, 86.9157299094, 6
40.4303895062, 86.9157299779, 7
40.4303895322, 86.9157300465, 7
40.4303895582, 86.9157301150, 27
40.4303896103, 86.9157302522, 8
40.4303896624, 86.9157303892, 9
40.4303896885, 86.9157304578, 6
40.4303897146, 86.9157305263, 5
40.4303897406, 86.9157305948, 7
40.4303897928, 86.9157307318, 8
40.4303898189, 86.9157308003, 7
40.4303898449, 86.9157308687, 5
40.4303898710, 86.9157309372, 5
40.4303898971, 86.9157310056, 6
40.4303899232, 86.9157310740, 7
40.4303899493, 86.9157311424, 7
40.4303900015, 86.9157312792, 8
40.4303900276, 86.9157313476, 5
40.4303900798, 86.9157314843, 6
40.4303901059, 86.9157315526, 6
40.4303901320, 86.9157316210, 6
40.4303901582, 86.9157316893, 6
40.4303901843, 86.9157317576, 7
40.4303902365, 86.9157318942, 6
40.4303902888, 86.9157320308, 6
40.4303910995, 86.9157341454, 36
40.4303919680, 86.9157364021, 40
40.4303928384, 86.9157386563, 40
40.4303937132, 86.9157409195, 40
40.4303940000, 86.9157130000, 40.4303950516, 86.9157156816, 47
40.4303959188, 86.9157178692, 37
40.4303968774, 86.9157202581, 40
40.4303977356, 86.9157223765, 37
40.4303987083, 86.9157247654, 40
40.4303996650, 86.9157270857, 41
40.4304005668, 86.9157292571, 38
40.4304015512, 86.9157316146, 39
40.4304024267, 86.9157336964, 36
40.4304034135, 86.9157360382, 42
40.4303940000, 86.9157130000, 40.4303950704, 86.9157155309, 45
40.4303950986, 86.9157155974, 5
40.4303951267, 86.9157156640, 5
40.4303951831, 86.9157157972, 6
40.4303952112, 86.9157158638, 7
40.4303952394, 86.9157159303, 8
40.4303952676, 86.9157159969, 8
40.4303952958, 86.9157160635, 5
40.4303953239, 86.9157161301, 5
40.4303953521, 86.9157161966, 5
40.4303953803, 86.9157162632, 7
40.4303954085, 86.9157163298, 7
40.4303954367, 86.9157163963, 8
40.4303954650, 86.9157164629, 5
40.4303955214, 86.9157165960, 6
40.4303955778, 86.9157167290, 8
40.4303956060, 86.9157167955, 5
40.4303956342, 86.9157168620, 7
40.4303956625, 86.9157169285, 26
40.4303957189, 86.9157170615, 8
40.4303957471, 86.9157171280, 7
40.4303957754, 86.9157171945, 8
40.4303958036, 86.9157172610, 6
40.4303958319, 86.9157173275, 5
40.4303958601, 86.9157173940, 8
40.4303958884, 86.9157174605, 8
40.4303959167, 86.9157175270, 7
40.4303959449, 86.9157175934, 5
40.4303959732, 86.9157176599, 6
40.4303960015, 86.9157177264, 5
40.4303960298, 86.9157177928, 7
40.4303960581, 86.9157178593, 7
40.4303960864, 86.9157179257, 8
40.4303961147, 86.9157179922, 5
40.4303961430, 86.9157180586, 5
40.4303961713, 86.9157181251, 5
40.4303961996, 86.9157181915, 7
40.4303962279, 86.9157182580, 7
40.4303962562, 86.9157183244, 7
40.4303962845, 86.9157183908, 5
40.4303963411, 86.9157185236, 6
40.4303963694, 86.9157185901, 7
40.4303972755, 86.9157207147, 36
40.4303982075, 86.9157229042, 38
40.4303991084, 86.9157250253, 38
40.4304000363, 86.9157272197, 38
40.4304000000, 86.9157000000, 40.4304011132, 86.9157026135, 46
40.4304020400, 86.9157047589, 37
40.4304030324, 86.9157070252, 39
40.4304039465, 86.9157090831, 38
40.4304049875, 86.9157113924, 41
40.4304060688, 86.9157137529, 43
40.4304070347, 86.9157158376, 38
40.4304080955, 86.9157181052, 39
40.4304091316, 86.9157203001, 39
40.4304100777, 86.9157222974, 37
40.4304000000, 86.9157000000, 40.4304011603, 86.9157024411, 45
40.4304011908, 86.9157025054, 5
40.4304012519, 86.9157026338, 6
40.4304012824, 86.9157026981, 5
40.4304013435, 86.9157028266, 7
40.4304013740, 86.9157028908, 7
40.4304014046, 86.9157029551, 8
40.4304014351, 86.9157030194, 5
40.4304014657, 86.9157030837, 5
40.4304015268, 86.9157032123, 6
40.4304015574, 86.9157032766, 7
40.4304015880, 86.9157033409, 7
40.4304016186, 86.9157034052, 8
40.4304016492, 86.9157034695, 5
40.4304017103, 86.9157035982, 6
40.4304017409, 86.9157036625, 5
40.4304017715, 86.9157037268, 35
40.4304018021, 86.9157037910, 5
40.4304018633, 86.9157039196, 8
40.4304018939, 86.9157039839, 8
40.4304019245, 86.9157040482, 7
40.4304019551, 86.9157041125, 5
40.4304019857, 86.9157041768, 5
40.4304020163, 86.9157042411, 6
40.4304020469, 86.9157043054, 7
40.4304021081, 86.9157044339, 8
40.4304021388, 86.9157044982, 7
40.4304021694, 86.9157045625, 6
40.4304022000, 86.9157046268, 5
40.4304022307, 86.9157046910, 7
40.4304022613, 86.9157047553, 5
40.4304023226, 86.9157048837, 7
40.4304023532, 86.9157049479, 7
40.4304023839, 86.9157050121, 6
40.4304024451, 86.9157051405, 6
40.4304025064, 86.9157052689, 8
40.4304025371, 86.9157053331, 5
40.4304025677, 86.9157053972, 7
40.4304025984, 86.9157054614, 7
40.4304026597, 86.9157055897, 7
40.4304026904, 86.9157056538, 5
40.4304036739, 86.9157077053, 37
40.4304046604, 86.9157097563, 39
40.4304056489, 86.9157118092, 40
40.4304066720, 86.9157139273, 39
40.4304060000, 86.9156880000, 40.4304071784, 86.9156904303, 45
40.4304081735, 86.9156924735, 38
40.4304092420, 86.9156946450, 39
40.4304102226, 86.9156966154, 38
40.4304113679, 86.9156988902, 40
40.4304124905, 86.9157010888, 42
40.4304135226, 86.9157030851, 40
40.4304146535, 86.9157052533, 40
40.4304156592, 86.9157071737, 36
40.4304167388, 86.9157092170, 40
40.4304060000, 86.9156880000, 40.4304072550, 86.9156903475, 46
40.4304072881, 86.9156904093, 5
40.4304073211, 86.9156904711, 5
40.4304073542, 86.9156905328, 5
40.4304073872, 86.9156905945, 7
40.4304074534, 86.9156907180, 8
40.4304074865, 86.9156907797, 8
40.4304075196, 86.9156908414, 5
40.4304075527, 86.9156909031, 5
40.4304076189, 86.9156910266, 6
40.4304076852, 86.9156911500, 7
40.4304077183, 86.9156912117, 7
40.4304077515, 86.9156912735, 7
40.4304077847, 86.9156913352, 5
40.4304078179, 86.9156913969, 5
40.4304078511, 86.9156914586, 27
40.4304078842, 86.9156915204, 5
40.4304079506, 86.9156916438, 7
40.4304079838, 86.9156917055, 6
40.4304080169, 86.9156917672, 8
40.4304080501, 86.9156918289, 8
40.4304081164, 86.9156919522, 9
40.4304081496, 86.9156920139, 6
40.4304082160, 86.9156921373, 6
40.4304082824, 86.9156922606, 8
40.4304083156, 86.9156923223, 6
40.4304083820, 86.9156924457, 7
40.4304084485, 86.9156925690, 7
40.4304084818, 86.9156926307, 5
40.4304085150, 86.9156926923, 5
40.4304085815, 86.9156928156, 9
40.4304086148, 86.9156928773, 8
40.4304086481, 86.9156929389, 8
40.4304086814, 86.9156930005, 5
40.4304087147, 86.9156930621, 5
40.4304087480, 86.9156931237, 5
40.4304088146, 86.9156932468, 7
40.4304088812, 86.9156933699, 8
40.4304089145, 86.9156934314, 7
40.4304089812, 86.9156935544, 6
40.4304090479, 86.9156936774, 6
40.4304090812, 86.9156937389, 7
40.4304101533, 86.9156957057, 36
40.4304112631, 86.9156977370, 38
40.4304123459, 86.9156997181, 36
40.4304134334, 86.9157017032, 37
40.4304120000, 86.9156740000, 40.4304133309, 86.9156764253, 46
40.4304144355, 86.9156784240, 37
40.4304156555, 86.9156806099, 40
40.4304167419, 86.9156825391, 37
40.4304179810, 86.9156847094, 42
40.4304191958, 86.9156868053, 41
40.4304203460, 86.9156887643, 38
40.4304216128, 86.9156908867, 41
40.4304227407, 86.9156927530, 36
40.4304239477, 86.9156947297, 38
40.4304120000, 86.9156740000, 40.4304133964, 86.9156762645, 46
40.4304134332, 86.9156763241, 5
40.4304134699, 86.9156763837, 5
40.4304135067, 86.9156764432, 5
40.4304135434, 86.9156765028, 7
40.4304135802, 86.9156765623, 7
40.4304136537, 86.9156766814, 8
40.4304136905, 86.9156767409, 5
40.4304137272, 86.9156768005, 5
40.4304137640, 86.9156768601, 5
40.4304138376, 86.9156769792, 7
40.4304139111, 86.9156770985, 8
40.4304139479, 86.9156771581, 7
40.4304139847, 86.9156772177, 37
40.4304140215, 86.9156772774, 8
40.4304140583, 86.9156773370, 6
40.4304140951, 86.9156773966, 6
40.4304141319, 86.9156774563, 6
40.4304142055, 86.9156775755, 7
40.4304142423, 86.9156776352, 7
40.4304143158, 86.9156777545, 8
40.4304143894, 86.9156778737, 7
40.4304144261, 86.9156779334, 5
40.4304144997, 86.9156780526, 9
40.4304145364, 86.9156781123, 8
40.4304146100, 86.9156782315, 9
40.4304146467, 86.9156782911, 5
40.4304146835, 86.9156783507, 5
40.4304147202, 86.9156784103, 5
40.4304147570, 86.9156784699, 7
40.4304147937, 86.9156785295, 7
40.4304148305, 86.9156785890, 7
40.4304149040, 86.9156787081, 7
40.4304149407, 86.9156787676, 5
40.4304150142, 86.9156788867, 8
40.4304150510, 86.9156789462, 7
40.4304150877, 86.9156790056, 5
40.4304151612, 86.9156791246, 7
40.4304152347, 86.9156792435, 6
40.4304153082, 86.9156793623, 6
40.4304153450, 86.9156794217, 7
40.4304165224, 86.9156813171, 36
40.4304177423, 86.9156832733, 38
40.4304189284, 86.9156851708, 38
40.4304201533, 86.9156871219, 41
40.4304190000, 86.9156630000, 40.4304204205, 86.9156652630, 46
40.4304216307, 86.9156671772, 40
40.4304229233, 86.9156692050, 39
40.4304242267, 86.9156712276, 39
40.4304254677, 86.9156731306, 38
40.4304268375, 86.9156752030, 41
40.4304281004, 86.9156770870, 38
40.4304295331, 86.9156791886, 43
40.4304307762, 86.9156809936, 37
40.4304320663, 86.9156828496, 37
40.4304190000, 86.9156630000, 40.4304205363, 86.9156651954, 43
40.4304205767, 86.9156652532, 5
40.4304206172, 86.9156653109, 6
40.4304206980, 86.9156654264, 9
40.4304207385, 86.9156654841, 8
40.4304207789, 86.9156655419, 8
40.4304208193, 86.9156655996, 5
40.4304208598, 86.9156656573, 5
40.4304209407, 86.9156657728, 6
40.4304210216, 86.9156658884, 8
40.4304210621, 86.9156659461, 7
40.4304211430, 86.9156660617, 8
40.4304211835, 86.9156661195, 37
40.4304212240, 86.9156661773, 8
40.4304212644, 86.9156662351, 6
40.4304213049, 86.9156662929, 6
40.4304213454, 86.9156663507, 7
40.4304213859, 86.9156664085, 5
40.4304214669, 86.9156665241, 7
40.4304215074, 86.9156665820, 7
40.4304215884, 86.9156666976, 7
40.4304216289, 86.9156667554, 5
40.4304217099, 86.9156668711, 10
40.4304217504, 86.9156669289, 8
40.4304218315, 86.9156670446, 9
40.4304218720, 86.9156671024, 5
40.4304219125, 86.9156671602, 5
40.4304219936, 86.9156672758, 6
40.4304220341, 86.9156673336, 6
40.4304221152, 86.9156674492, 8
40.4304221557, 86.9156675070, 7
40.4304221963, 86.9156675647, 6
40.4304222368, 86.9156676225, 5
40.4304222774, 86.9156676802, 7
40.4304223179, 86.9156677380, 5
40.4304223585, 86.9156677957, 7
40.4304224397, 86.9156679111, 8
40.4304224802, 86.9156679687, 5
40.4304225614, 86.9156680840, 6
40.4304238660, 86.9156699231, 37
40.4304252148, 86.9156718143, 40
40.4304265264, 86.9156736470, 39
40.4304278831, 86.9156755399, 40
40.4304290000, 86.9156520000, 40.4304306115, 86.9156542419, 46
40.4304319411, 86.9156560816, 37
40.4304333666, 86.9156580358, 39
40.4304346744, 86.9156598107, 38
40.4304362059, 86.9156618658, 42
40.4304377062, 86.9156638542, 42
40.4304390853, 86.9156656614, 39
40.4304406471, 86.9156676803, 43
40.4304419961, 86.9156694103, 36
40.4304434388, 86.9156712471, 37
40.4304290000, 86.9156520000, 40.4304306654, 86.9156541128, 44
40.4304307092, 86.9156541684, 5
40.4304307969, 86.9156542796, 6
40.4304308407, 86.9156543352, 7
40.4304308845, 86.9156543907, 5
40.4304309284, 86.9156544463, 7
40.4304309722, 86.9156545019, 7
40.4304310599, 86.9156546130, 6
40.4304311475, 86.9156547242, 6
40.4304311914, 86.9156547797, 7
40.4304312352, 86.9156548353, 5
40.4304312790, 86.9156548909, 7
40.4304313229, 86.9156549464, 7
40.4304313667, 86.9156550020, 37
40.4304314105, 86.9156550576, 8
40.4304314543, 86.9156551131, 5
40.4304314982, 86.9156551687, 6
40.4304315420, 86.9156552243, 7
40.4304315858, 86.9156552798, 6
40.4304316296, 86.9156553354, 6
40.4304316734, 86.9156553909, 7
40.4304317610, 86.9156555019, 7
40.4304318048, 86.9156555575, 5
40.4304318486, 86.9156556130, 9
40.4304318924, 86.9156556685, 8
40.4304319363, 86.9156557240, 8
40.4304319801, 86.9156557795, 5
40.4304320239, 86.9156558350, 5
40.4304321116, 86.9156559460, 6
40.4304321554, 86.9156560015, 7
40.4304321993, 86.9156560570, 7
40.4304322870, 86.9156561680, 8
40.4304323308, 86.9156562234, 5
40.4304323747, 86.9156562789, 5
40.4304324624, 86.9156563897, 8
40.4304325063, 86.9156564452, 7
40.4304325502, 86.9156565006, 6
40.4304325941, 86.9156565560, 6
40.4304326380, 86.9156566113, 5
40.4304327258, 86.9156567220, 6
40.4304327697, 86.9156567774, 7
40.4304341786, 86.9156585454, 36
40.4304356357, 86.9156603690, 38
40.4304370504, 86.9156621399, 37
40.4304385133, 86.9156639752, 38
40.4304410000, 86.9156420000, 40.4304427352, 86.9156441770, 46
40.4304441629, 86.9156459652, 38
40.4304456885, 86.9156478620, 39
40.4304471312, 86.9156496379, 38
40.4304487669, 86.9156516231, 42
40.4304503213, 86.9156534823, 42
40.4304517934, 86.9156552249, 39
40.4304534122, 86.9156571180, 40
40.4304548516, 86.9156587834, 36
40.4304563442, 86.9156604938, 38
40.4304410000, 86.9156420000, 40.4304427759, 86.9156440265, 46
40.4304428226, 86.9156440798, 5
40.4304428694, 86.9156441332, 5
40.4304429628, 86.9156442398, 6
40.4304430563, 86.9156443465, 8
40.4304431031, 86.9156443998, 7
40.4304431498, 86.9156444531, 8
40.4304431966, 86.9156445064, 5
40.4304432433, 86.9156445597, 5
40.4304433368, 86.9156446664, 6
40.4304433835, 86.9156447197, 7
40.4304434302, 86.9156447730, 7
40.4304435237, 86.9156448796, 38
40.4304435705, 86.9156449330, 8
40.4304436172, 86.9156449863, 8
40.4304436640, 86.9156450396, 6
40.4304437107, 86.9156450930, 5
40.4304437575, 86.9156451463, 7
40.4304438043, 86.9156451996, 6
40.4304438510, 86.9156452529, 6
40.4304439445, 86.9156453595, 8
40.4304440380, 86.9156454660, 7
40.4304440848, 86.9156455192, 6
40.4304441315, 86.9156455725, 9
40.4304441783, 86.9156456257, 8
40.4304442251, 86.9156456789, 8
40.4304442719, 86.9156457322, 5
40.4304443186, 86.9156457854, 5
40.4304443654, 86.9156458386, 5
40.4304444590, 86.9156459450, 7
40.4304445059, 86.9156459982, 7
40.4304445527, 86.9156460514, 7
40.4304446463, 86.9156461578, 6
40.4304447400, 86.9156462642, 6
40.4304447869, 86.9156463173, 7
40.4304448338, 86.9156463705, 5
40.4304448806, 86.9156464236, 6
40.4304449275, 86.9156464768, 7
40.4304449744, 86.9156465299, 5
40.4304450213, 86.9156465830, 5
40.4304450682, 86.9156466361, 7
40.4304465798, 86.9156483312, 36
40.4304480980, 86.9156500208, 37
40.4304496193, 86.9156517061, 39
40.4304511901, 86.9156534473, 41
40.4304510000, 86.9156340000, 40.4304528096, 86.9156360055, 46
40.4304543332, 86.9156376929, 40
40.4304559594, 86.9156394904, 39
40.4304576406, 86.9156413295, 40
40.4304591848, 86.9156429978, 38
40.4304608880, 86.9156448125, 42
40.4304624519, 86.9156464573, 39
40.4304642234, 86.9156482956, 42
40.4304657554, 86.9156498671, 36
40.4304673914, 86.9156515315, 38
40.4304510000, 86.9156340000, 40.4304528869, 86.9156359078, 43
40.4304529863, 86.9156360081, 6
40.4304530359, 86.9156360583, 6
40.4304530856, 86.9156361085, 8
40.4304531353, 86.9156361587, 8
40.4304531849, 86.9156362089, 8
40.4304532346, 86.9156362590, 5
40.4304532843, 86.9156363092, 5
40.4304533339, 86.9156363594, 5
40.4304534333, 86.9156364596, 7
40.4304535326, 86.9156365598, 8
40.4304535822, 86.9156366099, 27
40.4304536319, 86.9156366601, 8
40.4304536815, 86.9156367102, 8
40.4304537312, 86.9156367603, 8
40.4304537808, 86.9156368105, 6
40.4304538802, 86.9156369108, 6
40.4304539795, 86.9156370111, 8
40.4304540291, 86.9156370612, 6
40.4304540788, 86.9156371114, 6
40.4304541285, 86.9156371615, 7
40.4304541781, 86.9156372116, 6
40.4304542277, 86.9156372617, 6
40.4304542774, 86.9156373118, 8
40.4304543767, 86.9156374121, 9
40.4304544264, 86.9156374622, 8
40.4304544761, 86.9156375124, 5
40.4304545755, 86.9156376127, 6
40.4304546252, 86.9156376629, 6
40.4304546749, 86.9156377131, 7
40.4304547247, 86.9156377633, 7
40.4304547744, 86.9156378135, 7
40.4304548242, 86.9156378637, 5
40.4304548740, 86.9156379139, 5
40.4304549237, 86.9156379641, 6
40.4304549735, 86.9156380142, 6
40.4304550233, 86.9156380644, 7
40.4304551229, 86.9156381647, 8
40.4304552225, 86.9156382651, 6
40.4304552723, 86.9156383152, 5
40.4304553720, 86.9156384155, 7
40.4304569200, 86.9156399591, 36
40.4304585213, 86.9156415417, 37
40.4304601224, 86.9156431113, 37
40.4304617750, 86.9156447262, 38
40.4304630000, 86.9156260000, 40.4304649070, 86.9156278578, 45
40.4304665666, 86.9156294643, 38
40.4304682800, 86.9156311125, 39
40.4304698535, 86.9156326177, 38
40.4304716401, 86.9156343101, 42
40.4304732331, 86.9156358082, 36
40.4304750432, 86.9156374958, 42
40.4304768589, 86.9156391715, 40
40.4304785259, 86.9156406964, 37
40.4304802505, 86.9156422609, 40
40.4304630000, 86.9156260000, 40.4304649907, 86.9156277867, 46
40.4304650431, 86.9156278338, 5
40.4304651479, 86.9156279277, 6
40.4304652003, 86.9156279747, 5
40.4304652527, 86.9156280217, 7
40.4304653575, 86.9156281156, 8
40.4304654099, 86.9156281625, 8
40.4304654623, 86.9156282095, 5
40.4304655147, 86.9156282564, 5
40.4304655671, 86.9156283033, 5
40.4304656719, 86.9156283971, 37
40.4304657243, 86.9156284439, 6
40.4304657767, 86.9156284908, 8
40.4304658815, 86.9156285846, 9
40.4304659339, 86.9156286315, 8
40.4304660388, 86.9156287253, 7
40.4304660912, 86.9156287723, 5
40.4304661436, 86.9156288192, 7
40.4304662484, 86.9156289129, 8
40.4304663532, 86.9156290067, 8
40.4304664056, 86.9156290535, 5
40.4304665104, 86.9156291473, 7
40.4304665628, 86.9156291941, 5
40.4304666151, 86.9156292410, 7
40.4304666675, 86.9156292878, 8
40.4304667199, 86.9156293347, 8
40.4304668247, 86.9156294283, 6
40.4304668770, 86.9156294752, 6
40.4304669818, 86.9156295689, 7
40.4304670342, 86.9156296157, 6
40.4304670866, 86.9156296626, 7
40.4304671913, 86.9156297563, 8
40.4304672961, 86.9156298500, 6
40.4304673485, 86.9156298969, 5
40.4304674534, 86.9156299906, 8
40.4304675058, 86.9156300375, 7
40.4304675582, 86.9156300844, 7
40.4304676107, 86.9156301312, 6
40.4304677156, 86.9156302250, 6
40.4304677681, 86.9156302718, 5
40.4304678205, 86.9156303186, 7
40.4304695040, 86.9156318054, 36
40.4304712452, 86.9156333312, 38
40.4304729388, 86.9156348095, 37
40.4304746897, 86.9156363330, 38
40.4304740000, 86.9156190000, 40.4304760203, 86.9156207429, 45
40.4304777708, 86.9156222386, 38
40.4304795844, 86.9156237904, 39
40.4304812500, 86.9156252127, 38
40.4304831983, 86.9156268630, 42
40.4304850624, 86.9156284367, 42
40.4304868335, 86.9156299185, 39
40.4304888378, 86.9156315653, 41
40.4304905733, 86.9156329692, 36
40.4304924300, 86.9156344477, 39
40.4304740000, 86.9156190000, 40.4304761476, 86.9156206856, 45
40.4304762041, 86.9156207300, 5
40.4304763172, 86.9156208186, 6
40.4304764303, 86.9156209073, 7
40.4304764868, 86.9156209516, 5
40.4304765434, 86.9156209959, 6
40.4304766565, 86.9156210845, 8
40.4304767696, 86.9156211730, 6
40.4304768262, 86.9156212173, 5
40.4304769393, 86.9156213058, 29
40.4304769959, 86.9156213501, 5
40.4304770525, 86.9156213943, 6
40.4304771090, 86.9156214385, 6
40.4304771656, 86.9156214827, 7
40.4304772221, 86.9156215269, 7
40.4304773352, 86.9156216153, 8
40.4304774483, 86.9156217037, 6
40.4304775049, 86.9156217479, 6
40.4304775615, 86.9156217922, 7
40.4304776180, 86.9156218364, 6
40.4304776746, 86.9156218806, 7
40.4304777312, 86.9156219249, 8
40.4304777878, 86.9156219692, 5
40.4304778443, 86.9156220134, 5
40.4304779575, 86.9156221019, 9
40.4304780141, 86.9156221461, 8
40.4304780706, 86.9156221904, 8
40.4304781272, 86.9156222346, 5
40.4304781837, 86.9156222788, 5
40.4304782403, 86.9156223230, 6
40.4304783534, 86.9156224115, 8
40.4304784100, 86.9156224557, 8
40.4304784665, 86.9156224999, 8
40.4304785231, 86.9156225442, 5
40.4304785797, 86.9156225884, 5
40.4304786929, 86.9156226768, 8
40.4304787495, 86.9156227211, 5
40.4304788627, 86.9156228095, 7
40.4304789759, 86.9156228979, 8
40.4304790891, 86.9156229863, 6
40.4304791457, 86.9156230305, 5
40.4304792590, 86.9156231188, 8
40.4304811316, 86.9156245660, 37
40.4304830085, 86.9156260019, 38
40.4304848312, 86.9156273854, 38
40.4304867152, 86.9156288083, 39
40.4304860000, 86.9156150000, 40.4304881733, 86.9156166384, 45
40.4304900063, 86.9156180207, 39
40.4304920144, 86.9156195343, 39
40.4304939638, 86.9156210082, 38
40.4304958684, 86.9156224560, 40
40.4304978982, 86.9156239916, 40
40.4304997585, 86.9156253866, 37
40.4305018032, 86.9156269047, 41
40.4305036775, 86.9156282779, 37
40.4305056146, 86.9156296749, 37
40.4304860000, 86.9156150000, 40.4304882412, 86.9156166001, 45
40.4304883001, 86.9156166422, 5
40.4304883591, 86.9156166843, 5
40.4304884772, 86.9156167685, 8
40.4304885362, 86.9156168106, 7
40.4304885952, 86.9156168527, 7
40.4304886542, 86.9156168948, 6
40.4304887133, 86.9156169369, 26
40.4304887723, 86.9156169790, 7
40.4304888314, 86.9156170211, 8
40.4304888904, 86.9156170632, 6
40.4304889495, 86.9156171053, 6
40.4304890085, 86.9156171474, 7
40.4304890676, 86.9156171895, 7
40.4304891856, 86.9156172738, 8
40.4304892447, 86.9156173159, 5
40.4304893038, 86.9156173581, 6
40.4304893628, 86.9156174003, 5
40.4304894219, 86.9156174424, 8
40.4304894809, 86.9156174846, 7
40.4304895400, 86.9156175268, 7
40.4304896582, 86.9156176113, 6
40.4304897173, 86.9156176535, 5
40.4304898355, 86.9156177380, 8
40.4304898945, 86.9156177802, 5
40.4304899536, 86.9156178224, 6
40.4304900127, 86.9156178646, 7
40.4304900718, 86.9156179069, 5
40.4304901309, 86.9156179491, 5
40.4304901900, 86.9156179913, 5
40.4304902491, 86.9156180335, 6
40.4304903673, 86.9156181179, 8
40.4304904264, 86.9156181601, 7
40.4304905446, 86.9156182445, 6
40.4304906037, 86.9156182867, 5
40.4304906629, 86.9156183289, 5
40.4304907220, 86.9156183710, 6
40.4304908403, 86.9156184554, 8
40.4304908994, 86.9156184976, 7
40.4304910177, 86.9156185819, 6
40.4304910769, 86.9156186241, 5
40.4304911360, 86.9156186662, 5
40.4304929725, 86.9156199663, 36
40.4304949321, 86.9156213420, 39
40.4304968378, 86.9156226677, 38
40.4304988080, 86.9156240252, 38
40.4304980000, 86.9156120000, 40.4305003328, 86.9156135891, 46
40.4305022499, 86.9156148867, 37
40.4305042885, 86.9156162574, 39
40.4305061459, 86.9156175016, 37
40.4305082467, 86.9156189073, 41
40.4305103550, 86.9156203131, 42
40.4305123498, 86.9156216281, 39
40.4305144710, 86.9156230073, 40
40.4305163549, 86.9156242194, 36
40.4305183113, 86.9156254658, 38
40.4304980000, 86.9156120000, 40.4305003368, 86.9156134609, 45
40.4305003983, 86.9156134993, 5
40.4305004598, 86.9156135377, 5
40.4305005829, 86.9156136145, 7
40.4305006444, 86.9156136528, 6
40.4305007059, 86.9156136911, 6
40.4305007674, 86.9156137295, 37
40.4305008290, 86.9156137678, 7
40.4305008905, 86.9156138060, 7
40.4305009520, 86.9156138443, 6
40.4305010136, 86.9156138826, 6
40.4305010751, 86.9156139209, 7
40.4305011366, 86.9156139592, 7
40.4305011982, 86.9156139974, 8
40.4305012597, 86.9156140357, 5
40.4305013213, 86.9156140740, 6
40.4305013828, 86.9156141123, 6
40.4305014443, 86.9156141505, 7
40.4305015059, 86.9156141888, 7
40.4305015674, 86.9156142271, 7
40.4305016905, 86.9156143037, 6
40.4305017520, 86.9156143420, 5
40.4305018136, 86.9156143803, 6
40.4305019367, 86.9156144569, 7
40.4305019982, 86.9156144953, 6
40.4305020598, 86.9156145336, 7
40.4305021213, 86.9156145720, 5
40.4305022444, 86.9156146487, 6
40.4305023060, 86.9156146871, 7
40.4305023675, 86.9156147254, 7
40.4305024290, 86.9156147637, 6
40.4305024906, 86.9156148021, 7
40.4305025521, 86.9156148404, 5
40.4305026751, 86.9156149170, 6
40.4305027366, 86.9156149552, 7
40.4305027982, 86.9156149935, 6
40.4305029212, 86.9156150701, 6
40.4305029827, 86.9156151084, 7
40.4305030443, 86.9156151467, 5
40.4305031058, 86.9156151850, 5
40.4305031673, 86.9156152233, 6
40.4305050778, 86.9156164020, 36
40.4305071165, 86.9156176510, 39
40.4305090962, 86.9156188556, 37
40.4305111409, 86.9156200939, 39
40.4305110000, 86.9156110000, 40.4305133568, 86.9156124269, 45
40.4305154046, 86.9156136691, 38
40.4305175743, 86.9156149778, 40
40.4305194947, 86.9156161298, 38
40.4305216747, 86.9156174383, 42
40.4305238005, 86.9156187059, 41
40.4305258057, 86.9156198890, 39
40.4305280738, 86.9156212220, 42
40.4305301003, 86.9156224056, 36
40.4305321318, 86.9156235762, 37
40.4305110000, 86.9156110000, 40.4305134168, 86.9156123686, 46
40.4305134804, 86.9156124046, 5
40.4305135440, 86.9156124406, 5
40.4305136712, 86.9156125125, 8
40.4305137348, 86.9156125485, 5
40.4305138621, 86.9156126204, 37
40.4305139257, 86.9156126564, 7
40.4305140530, 86.9156127283, 9
40.4305141166, 86.9156127643, 8
40.4305141802, 86.9156128002, 5
40.4305142438, 86.9156128362, 5
40.4305143075, 86.9156128721, 7
40.4305143711, 86.9156129081, 8
40.4305144347, 86.9156129440, 7
40.4305145620, 86.9156130159, 6
40.4305146893, 86.9156130878, 7
40.4305147529, 86.9156131237, 6
40.4305148165, 86.9156131596, 7
40.4305148801, 86.9156131955, 7
40.4305149437, 86.9156132314, 7
40.4305150074, 86.9156132673, 5
40.4305150710, 86.9156133033, 5
40.4305151346, 86.9156133392, 7
40.4305151982, 86.9156133751, 6
40.4305152618, 86.9156134110, 7
40.4305153254, 86.9156134470, 7
40.4305153891, 86.9156134829, 5
40.4305155163, 86.9156135548, 6
40.4305155799, 86.9156135907, 5
40.4305156435, 86.9156136266, 6
40.4305157071, 86.9156136625, 7
40.4305157707, 86.9156136985, 7
40.4305158343, 86.9156137344, 5
40.4305158979, 86.9156137703, 5
40.4305159615, 86.9156138062, 5
40.4305160251, 86.9156138421, 7
40.4305160887, 86.9156138780, 7
40.4305162158, 86.9156139499, 8
40.4305162794, 86.9156139858, 5
40.4305163430, 86.9156140217, 5
40.4305164066, 86.9156140576, 5
40.4305183810, 86.9156151689, 36
40.4305204192, 86.9156163082, 38
40.4305224593, 86.9156174417, 38
40.4305245662, 86.9156186076, 38
40.4305230000, 86.9156100000, 40.4305254911, 86.9156113734, 46
40.4305275372, 86.9156125018, 37
40.4305297086, 86.9156136924, 39
40.4305316847, 86.9156147696, 37
40.4305339931, 86.9156160264, 43
40.4305361818, 86.9156172044, 41
40.4305382507, 86.9156183062, 39
40.4305405927, 86.9156195542, 42
40.4305426758, 86.9156206597, 36
40.4305448259, 86.9156217946, 38
40.4305230000, 86.9156100000, 40.4305254809, 86.9156112979, 46
40.4305255461, 86.9156113321, 5
40.4305256114, 86.9156113662, 5
40.4305257420, 86.9156114344, 6
40.4305258073, 86.9156114685, 36
40.4305258726, 86.9156115026, 5
40.4305259379, 86.9156115367, 8
40.4305260685, 86.9156116049, 9
40.4305261991, 86.9156116730, 9
40.4305262644, 86.9156117071, 5
40.4305263298, 86.9156117412, 5
40.4305263951, 86.9156117752, 7
40.4305264604, 86.9156118093, 7
40.4305265910, 86.9156118774, 8
40.4305266563, 86.9156119114, 5
40.4305267870, 86.9156119795, 7
40.4305268523, 86.9156120135, 5
40.4305269176, 86.9156120476, 7
40.4305270483, 86.9156121157, 8
40.4305271789, 86.9156121837, 9
40.4305272443, 86.9156122178, 5
40.4305273749, 86.9156122858, 6
40.4305274403, 86.9156123199, 6
40.4305275056, 86.9156123539, 6
40.4305275710, 86.9156123879, 7
40.4305276363, 86.9156124219, 7
40.4305277017, 86.9156124559, 5
40.4305278324, 86.9156125238, 6
40.4305278977, 86.9156125578, 7
40.4305279630, 86.9156125917, 6
40.4305280284, 86.9156126257, 7
40.4305280937, 86.9156126596, 7
40.4305282243, 86.9156127274, 6
40.4305282896, 86.9156127613, 5
40.4305283549, 86.9156127952, 6
40.4305284202, 86.9156128290, 6
40.4305284855, 86.9156128629, 7
40.4305285508, 86.9156128967, 8
40.4305286160, 86.9156129306, 5
40.4305287466, 86.9156129982, 6
40.4305308430, 86.9156140875, 37
40.4305330085, 86.9156152082, 40
40.4305351726, 86.9156163199, 40
40.4305372738, 86.9156173936, 39
40.4305350000, 86.9156080000, 40.4305375685, 86.9156093104, 47
40.4305397464, 86.9156104194, 38
40.4305419966, 86.9156115679, 39
40.4305443173, 86.9156127496, 40
40.4305465113, 86.9156138733, 38
40.4305487863, 86.9156150391, 40
40.4305509338, 86.9156161301, 38
40.4305533605, 86.9156173441, 41
40.4305554593, 86.9156183837, 36
40.4305576957, 86.9156194752, 40
40.4305350000, 86.9156080000, 40.4305375123, 86.9156092130, 44
40.4305375802, 86.9156092458, 5
40.4305377160, 86.9156093113, 6
40.4305377840, 86.9156093440, 5
40.4305378519, 86.9156093768, 8
40.4305379198, 86.9156094095, 5
40.4305379877, 86.9156094422, 7
40.4305380556, 86.9156094749, 7
40.4305381236, 86.9156095076, 8
40.4305381915, 86.9156095403, 6
40.4305382594, 86.9156095730, 5
40.4305383952, 86.9156096383, 7
40.4305384631, 86.9156096710, 8
40.4305385310, 86.9156097036, 7
40.4305386668, 86.9156097689, 8
40.4305387347, 86.9156098016, 6
40.4305388026, 86.9156098342, 5
40.4305388705, 86.9156098668, 7
40.4305389384, 86.9156098994, 7
40.4305390063, 86.9156099321, 7
40.4305390742, 86.9156099647, 5
40.4305391421, 86.9156099973, 5
40.4305392100, 86.9156100299, 5
40.4305392779, 86.9156100625, 8
40.4305393458, 86.9156100951, 8
40.4305394815, 86.9156101603, 9
40.4305395494, 86.9156101929, 5
40.4305396852, 86.9156102582, 6
40.4305397531, 86.9156102909, 7
40.4305398210, 86.9156103235, 6
40.4305398889, 86.9156103562, 7
40.4305399568, 86.9156103889, 7
40.4305400926, 86.9156104541, 6
40.4305402284, 86.9156105194, 6
40.4305402963, 86.9156105520, 7
40.4305403642, 86.9156105847, 5
40.4305404321, 86.9156106173, 7
40.4305405000, 86.9156106499, 7
40.4305405678, 86.9156106825, 5
40.4305406357, 86.9156107151, 5
40.4305407715, 86.9156107804, 6
40.4305428796, 86.9156117928, 36
40.4305450579, 86.9156128299, 39
40.4305472392, 86.9156138604, 38
40.4305494912, 86.9156149194, 38
40.4305480000, 86.9156040000, 40.4305506650, 86.9156052441, 46
40.4305529199, 86.9156062961, 38
40.4305553127, 86.9156074144, 40
40.4305574315, 86.9156084036, 38
40.4305598332, 86.9156095258, 42
40.4305622379, 86.9156106433, 42
40.4305644469, 86.9156116744, 39
40.4305669288, 86.9156128151, 42
40.4305690609, 86.9156137822, 35
40.4305712641, 86.9156147811, 37
40.4305480000, 86.9156040000, 40.4305506181, 86.9156051828, 46
40.4305506870, 86.9156052140, 5
40.4305508248, 86.9156052762, 6
40.4305508937, 86.9156053073, 5
40.4305509626, 86.9156053384, 35
40.4305510315, 86.9156053695, 5
40.4305511004, 86.9156054006, 7
40.4305511693, 86.9156054316, 8
40.4305512382, 86.9156054627, 8
40.4305513071, 86.9156054938, 5
40.4305513761, 86.9156055248, 5
40.4305514450, 86.9156055559, 7
40.4305515139, 86.9156055870, 6
40.4305515828, 86.9156056180, 7
40.4305516517, 86.9156056490, 8
40.4305517206, 86.9156056801, 5
40.4305517896, 86.9156057111, 5
40.4305518585, 86.9156057421, 7
40.4305519274, 86.9156057731, 5
40.4305519963, 86.9156058042, 6
40.4305520652, 86.9156058352, 7
40.4305521341, 86.9156058662, 5
40.4305522719, 86.9156059282, 6
40.4305523408, 86.9156059592, 6
40.4305524785, 86.9156060213, 7
40.4305525474, 86.9156060523, 7
40.4305526163, 86.9156060834, 7
40.4305526851, 86.9156061145, 6
40.4305528229, 86.9156061767, 6
40.4305528918, 86.9156062078, 5
40.4305529606, 86.9156062389, 6
40.4305530295, 86.9156062701, 7
40.4305531672, 86.9156063324, 8
40.4305533050, 86.9156063947, 6
40.4305533738, 86.9156064259, 5
40.4305535115, 86.9156064882, 8
40.4305535803, 86.9156065194, 7
40.4305536492, 86.9156065505, 6
40.4305537180, 86.9156065817, 6
40.4305537868, 86.9156066129, 5
40.4305538556, 86.9156066441, 5
40.4305539244, 86.9156066753, 7
40.4305560581, 86.9156076465, 36
40.4305583276, 86.9156086760, 38
40.4305605258, 86.9156096664, 37
40.4305627922, 86.9156106809, 38
40.4305600000, 86.9156000000, 40.4305626776, 86.9156011947, 46
40.4305649447, 86.9156022069, 37
40.4305672825, 86.9156032534, 39
40.4305694134, 86.9156042086, 38
40.4305718834, 86.9156053156, 43
40.4305742197, 86.9156063721, 41
40.4305764228, 86.9156073692, 39
40.4305788347, 86.9156084501, 40
40.4305809798, 86.9156094123, 36
40.4305833395, 86.9156104644, 38
40.4305600000, 86.9156000000, 40.4305626440, 86.9156011576, 45
40.4305627135, 86.9156011880, 5
40.4305627831, 86.9156012185, 37
40.4305628527, 86.9156012489, 5
40.4305629223, 86.9156012793, 6
40.4305629920, 86.9156013098, 6
40.4305630616, 86.9156013402, 8
40.4305631312, 86.9156013706, 7
40.4305632008, 86.9156014010, 8
40.4305632705, 86.9156014313, 6
40.4305634098, 86.9156014921, 6
40.4305634795, 86.9156015224, 7
40.4305635491, 86.9156015528, 7
40.4305636188, 86.9156015832, 6
40.4305637582, 86.9156016439, 7
40.4305638279, 86.9156016742, 5
40.4305638976, 86.9156017045, 5
40.4305640370, 86.9156017652, 9
40.4305641067, 86.9156017955, 8
40.4305642462, 86.9156018562, 9
40.4305643159, 86.9156018865, 5
40.4305644554, 86.9156019472, 6
40.4305645948, 86.9156020079, 8
40.4305646646, 86.9156020382, 5
40.4305647343, 86.9156020685, 7
40.4305648040, 86.9156020989, 7
40.4305648738, 86.9156021292, 5
40.4305649435, 86.9156021595, 5
40.4305650132, 86.9156021898, 7
40.4305650830, 86.9156022201, 5
40.4305651527, 86.9156022504, 6
40.4305652224, 86.9156022807, 7
40.4305652921, 86.9156023110, 5
40.4305653619, 86.9156023414, 5
40.4305655013, 86.9156024021, 6
40.4305656408, 86.9156024628, 7
40.4305657803, 86.9156025237, 8
40.4305658501, 86.9156025541, 7
40.4305659199, 86.9156025845, 5
40.4305660595, 86.9156026454, 6
40.4305661293, 86.9156026758, 5
40.4305683582, 86.9156036465, 37
40.4305705882, 86.9156046235, 38
40.4305728877, 86.9156056354, 38
40.4305751832, 86.9156066464, 39
40.4305710000, 86.9155950000, 40.4305736403, 86.9155961619, 45
40.4305759320, 86.9155971677, 37
40.4305782881, 86.9155981961, 39
40.4305804308, 86.9155991279, 38
40.4305829100, 86.9156002084, 43
40.4305850411, 86.9156011408, 36
40.4305874363, 86.9156021859, 43
40.4305898878, 86.9156032559, 41
40.4305920603, 86.9156042105, 36
40.4305943642, 86.9156052281, 40
40.4305710000, 86.9155950000, 40.4305735762, 86.9155961393, 46
40.4305736440, 86.9155961693, 8
40.4305737118, 86.9155961992, 8
40.4305737796, 86.9155962292, 5
40.4305738474, 86.9155962592, 6
40.4305739152, 86.9155962891, 7
40.4305739830, 86.9155963191, 5
40.4305740508, 86.9155963490, 6
40.4305741185, 86.9155963789, 8
40.4305741863, 86.9155964089, 6
40.4305742541, 86.9155964388, 5
40.4305743897, 86.9155964987, 9
40.4305744575, 86.9155965287, 8
40.4305745253, 86.9155965586, 7
40.4305745931, 86.9155965886, 5
40.4305746609, 86.9155966185, 6
40.4305747288, 86.9155966485, 5
40.4305748644, 86.9155967084, 8
40.4305749322, 86.9155967383, 7
40.4305750000, 86.9155967683, 8
40.4305750677, 86.9155967982, 5
40.4305752033, 86.9155968581, 6
40.4305752711, 86.9155968881, 5
40.4305753389, 86.9155969181, 7
40.4305754067, 86.9155969481, 7
40.4305754745, 86.9155969780, 7
40.4305755423, 86.9155970080, 5
40.4305756101, 86.9155970380, 5
40.4305756779, 86.9155970680, 5
40.4305757457, 86.9155970980, 7
40.4305758135, 86.9155971280, 7
40.4305758812, 86.9155971580, 7
40.4305759490, 86.9155971880, 5
40.4305760168, 86.9155972180, 5
40.4305761523, 86.9155972781, 8
40.4305762200, 86.9155973081, 7
40.4305762878, 86.9155973381, 5
40.4305763555, 86.9155973681, 7
40.4305764232, 86.9155973981, 5
40.4305765586, 86.9155974581, 6
40.4305766263, 86.9155974882, 7
40.4305787180, 86.9155984234, 36
40.4305809334, 86.9155994145, 38
40.4305830774, 86.9156003757, 37
40.4305852901, 86.9156013698, 38
40.4305790000, 86.9155870000, 40.4305815439, 86.9155881395, 45
40.4305837482, 86.9155891285, 37
40.4305860156, 86.9155901505, 39
40.4305880799, 86.9155910876, 38
40.4305904692, 86.9155921779, 42
40.4305927181, 86.9155932113, 42
40.4305948271, 86.9155941848, 39
40.4305971241, 86.9155952508, 40
40.4305992220, 86.9155962337, 37
40.4306013843, 86.9155972542, 39
40.4305790000, 86.9155870000, 40.4305834013, 86.9155890916, 75
40.4305834670, 86.9155891228, 8
40.4305835327, 86.9155891540, 8
40.4305835984, 86.9155891852, 6
40.4305836641, 86.9155892165, 6
40.4305837298, 86.9155892477, 7
40.4305837955, 86.9155892789, 7
40.4305838612, 86.9155893101, 8
40.4305839269, 86.9155893413, 5
40.4305839926, 86.9155893726, 5
40.4305840583, 86.9155894038, 6
40.4305841241, 86.9155894350, 7
40.4305841898, 86.9155894661, 7
40.4305842555, 86.9155894973, 7
40.4305843870, 86.9155895597, 7
40.4305844527, 86.9155895909, 5
40.4305845841, 86.9155896532, 8
40.4305847156, 86.9155897156, 8
40.4305847813, 86.9155897467, 7
40.4305848471, 86.9155897779, 5
40.4305849786, 86.9155898402, 6
40.4305850443, 86.9155898714, 5
40.4305851100, 86.9155899025, 7
40.4305851758, 86.9155899337, 7
40.4305853072, 86.9155899960, 8
40.4305853730, 86.9155900272, 5
40.4305854387, 86.9155900583, 5
40.4305855045, 86.9155900895, 5
40.4305856360, 86.9155901518, 9
40.4305857017, 86.9155901830, 8
40.4305857674, 86.9155902141, 8
40.4305858332, 86.9155902453, 5
40.4305859647, 86.9155903075, 6
40.4305860304, 86.9155903386, 5
40.4305860961, 86.9155903698, 7
40.4305862276, 86.9155904320, 8
40.4305862933, 86.9155904631, 8
40.4305863590, 86.9155904942, 5
40.4305864248, 86.9155905253, 5
40.4305865562, 86.9155905874, 6
40.4305886513, 86.9155915785, 37
40.4305908126, 86.9155926093, 38
40.4305929052, 86.9155936088, 37
40.4305950552, 86.9155946336, 39
40.4305840000, 86.9155750000, 40.4305865425, 86.9155762189, 46
40.4305886988, 86.9155772556, 38
40.4305909197, 86.9155783195, 39
40.4305929417, 86.9155792844, 38
40.4305952886, 86.9155804044, 42
40.4305975030, 86.9155814621, 42
40.4305995864, 86.9155824634, 39
40.4306019270, 86.9155835884, 43
40.4306039368, 86.9155845533, 35
40.4306060814, 86.9155855954, 38
40.4305840000, 86.9155750000, 40.4305883892, 86.9155771430, 75
40.4305884547, 86.9155771750, 8
40.4305885857, 86.9155772389, 8
40.4305886513, 86.9155772709, 6
40.4305887168, 86.9155773029, 6
40.4305887824, 86.9155773349, 7
40.4305889135, 86.9155773989, 8
40.4305889790, 86.9155774309, 8
40.4305890446, 86.9155774629, 5
40.4305891102, 86.9155774949, 5
40.4305892413, 86.9155775588, 7
40.4305893725, 86.9155776227, 8
40.4305894381, 86.9155776546, 7
40.4305895037, 86.9155776865, 7
40.4305895693, 86.9155777184, 5
40.4305897004, 86.9155777822, 6
40.4305897660, 86.9155778141, 7
40.4305898316, 86.9155778459, 5
40.4305898972, 86.9155778778, 6
40.4305899628, 86.9155779096, 7
40.4305900941, 86.9155779732, 6
40.4305901597, 86.9155780050, 5
40.4305902253, 86.9155780368, 5
40.4305903565, 86.9155781003, 7
40.4305904221, 86.9155781320, 7
40.4305904877, 86.9155781638, 7
40.4305906190, 86.9155782272, 6
40.4305907502, 86.9155782905, 6
40.4305908158, 86.9155783222, 7
40.4305908815, 86.9155783539, 5
40.4305909471, 86.9155783855, 7
40.4305910127, 86.9155784172, 7
40.4305910784, 86.9155784488, 5
40.4305912097, 86.9155785121, 6
40.4305913410, 86.9155785754, 8
40.4305914067, 86.9155786071, 5
40.4305914723, 86.9155786387, 7
40.4305915380, 86.9155786703, 7
40.4305916694, 86.9155787336, 6
40.4305918007, 86.9155787968, 6
40.4305918664, 86.9155788284, 7
40.4305939643, 86.9155798370, 36
40.4305960601, 86.9155808560, 37
40.4305981570, 86.9155818837, 37
40.4306003131, 86.9155829452, 38
40.4305910000, 86.9155620000, 40.4305935453, 86.9155632606, 46
40.4305956999, 86.9155643308, 38
40.4305979198, 86.9155654259, 39
40.4305999425, 86.9155664138, 38
40.4306022908, 86.9155675503, 41
40.4306045095, 86.9155686218, 42
40.4306065972, 86.9155696320, 39
40.4306088754, 86.9155707391, 40
40.4306108889, 86.9155717247, 35
40.4306130226, 86.9155727752, 61
40.4305910000, 86.9155620000, 40.4305934531, 86.9155632252, 44
40.4305935177, 86.9155632574, 8
40.4305935822, 86.9155632897, 8
40.4305936468, 86.9155633219, 8
40.4305937114, 86.9155633542, 5
40.4305937759, 86.9155633865, 5
40.4305939050, 86.9155634510, 8
40.4305939696, 86.9155634832, 5
40.4305940341, 86.9155635155, 6
40.4305940987, 86.9155635477, 8
40.4305941632, 86.9155635800, 6
40.4305942278, 86.9155636122, 5
40.4305943569, 86.9155636766, 8
40.4305944215, 86.9155637089, 7
40.4305944861, 86.9155637411, 5
40.4305945506, 86.9155637733, 7
40.4305946152, 86.9155638055, 6
40.4305947444, 86.9155638699, 6
40.4305948089, 86.9155639021, 7
40.4305949381, 86.9155639665, 8
40.4305950027, 86.9155639986, 5
40.4305950673, 86.9155640308, 6
40.4305951964, 86.9155640951, 7
40.4305952610, 86.9155641272, 5
40.4305953902, 86.9155641915, 9
40.4305954548, 86.9155642236, 8
40.4305955194, 86.9155642557, 8
40.4305955839, 86.9155642877, 5
40.4305956485, 86.9155643198, 5
40.4305957131, 86.9155643519, 5
40.4305958423, 86.9155644159, 8
40.4305959715, 86.9155644800, 8
40.4305960361, 86.9155645120, 8
40.4305961007, 86.9155645441, 5
40.4305962299, 86.9155646081, 6
40.4305962945, 86.9155646401, 5
40.4305964238, 86.9155647041, 7
40.4305964884, 86.9155647361, 7
40.4305965530, 86.9155647681, 8
40.4305966177, 86.9155648001, 5
40.4305966823, 86.9155648321, 5
40.4305967469, 86.9155648641, 5
40.4305988789, 86.9155659205, 37
40.4306009437, 86.9155669461, 38
40.4306029410, 86.9155679472, 37
40.4306050675, 86.9155690286, 38
40.4305990000, 86.9155490000, 40.4306014373, 86.9155502487, 46
40.4306034840, 86.9155513020, 37
40.4306056589, 86.9155524250, 39
40.4306076401, 86.9155534436, 38
40.4306099367, 86.9155546113, 42
40.4306121028, 86.9155557059, 42
40.4306141414, 86.9155567362, 39
40.4306164325, 86.9155579015, 42
40.4306184041, 86.9155589175, 36
40.4306205641, 86.9155600371, 39
40.4305990000, 86.9155490000, 40.4306014129, 86.9155502557, 45
40.4306014764, 86.9155502888, 8
40.4306015399, 86.9155503218, 7
40.4306016669, 86.9155503880, 7
40.4306017304, 86.9155504211, 6
40.4306018575, 86.9155504873, 8
40.4306019210, 86.9155505204, 7
40.4306020480, 86.9155505867, 9
40.4306021116, 86.9155506198, 5
40.4306021751, 86.9155506529, 5
40.4306022386, 86.9155506860, 6
40.4306023022, 86.9155507191, 8
40.4306023657, 86.9155507522, 8
40.4306024292, 86.9155507854, 8
40.4306024927, 86.9155508184, 5
40.4306025563, 86.9155508515, 5
40.4306026198, 86.9155508846, 5
40.4306026833, 86.9155509177, 6
40.4306027468, 86.9155509508, 7
40.4306028103, 86.9155509838, 8
40.4306028738, 86.9155510169, 6
40.4306029373, 86.9155510500, 5
40.4306030008, 86.9155510831, 5
40.4306030643, 86.9155511161, 7
40.4306031278, 86.9155511492, 7
40.4306031913, 86.9155511823, 8
40.4306032548, 86.9155512154, 5
40.4306033183, 86.9155512485, 5
40.4306033818, 86.9155512816, 5
40.4306034453, 86.9155513147, 7
40.4306035088, 86.9155513478, 7
40.4306035722, 86.9155513809, 8
40.4306036357, 86.9155514140, 5
40.4306037626, 86.9155514801, 6
40.4306038894, 86.9155515463, 8
40.4306039529, 86.9155515794, 5
40.4306040163, 86.9155516125, 7
40.4306040797, 86.9155516455, 7
40.4306042065, 86.9155517117, 6
40.4306042699, 86.9155517448, 5
40.4306043333, 86.9155517779, 6
40.4306063565, 86.9155528356, 37
40.4306083744, 86.9155538902, 37
40.4306103865, 86.9155549481, 37
40.4306124612, 86.9155560526, 38
40.4306060000, 86.9155360000, 40.4306084486, 86.9155373136, 46
40.4306104557, 86.9155383942, 38
40.4306125859, 86.9155395501, 39
40.4306145932, 86.9155406506, 38
40.4306167853, 86.9155418519, 42
40.4306189743, 86.9155430482, 42
40.4306209741, 86.9155441394, 39
40.4306249695, 86.9155462769, 70
40.4306269080, 86.9155473074, 37
40.4306290407, 86.9155484398, 40
40.4306060000, 86.9155360000, 40.4306083867, 86.9155372645, 45
40.4306084496, 86.9155372978, 7
40.4306085124, 86.9155373311, 7
40.4306085752, 86.9155373644, 6
40.4306086379, 86.9155373976, 5
40.4306087007, 86.9155374309, 7
40.4306088263, 86.9155374975, 10
40.4306088891, 86.9155375308, 8
40.4306090147, 86.9155375974, 6
40.4306090775, 86.9155376308, 5
40.4306091403, 86.9155376641, 5
40.4306092031, 86.9155376975, 6
40.4306092659, 86.9155377308, 7
40.4306093287, 86.9155377642, 7
40.4306094543, 86.9155378309, 6
40.4306095172, 86.9155378643, 5
40.4306095800, 86.9155378977, 6
40.4306097056, 86.9155379644, 6
40.4306097684, 86.9155379978, 7
40.4306098940, 86.9155380645, 8
40.4306099568, 86.9155380979, 5
40.4306100824, 86.9155381646, 6
40.4306101453, 86.9155381980, 7
40.4306102081, 86.9155382314, 7
40.4306102709, 86.9155382648, 5
40.4306103337, 86.9155382982, 6
40.4306103965, 86.9155383317, 5
40.4306105221, 86.9155383985, 6
40.4306105849, 86.9155384320, 7
40.4306107104, 86.9155384988, 8
40.4306107732, 86.9155385322, 7
40.4306108360, 86.9155385657, 6
40.4306108988, 86.9155385991, 5
40.4306109615, 86.9155386325, 5
40.4306110243, 86.9155386659, 7
40.4306110871, 86.9155386993, 7
40.4306112126, 86.9155387661, 8
40.4306112754, 86.9155387995, 5
40.4306114010, 86.9155388663, 6
40.4306114637, 86.9155388996, 6
40.4306134743, 86.9155399602, 37
40.4306155504, 86.9155410530, 41
40.4306175599, 86.9155421105, 39
40.4306196178, 86.9155432112, 39
40.4306130000, 86.9155240000, 40.4306153509, 86.9155252828, 46
40.4306173178, 86.9155263683, 38
40.4306194657, 86.9155275750, 40
40.4306213682, 86.9155286623, 38
40.4306235171, 86.9155298880, 42
40.4306256118, 86.9155310961, 42
40.4306275859, 86.9155322330, 39
40.4306315111, 86.9155344756, 70
40.4306334021, 86.9155355577, 37
40.4306353996, 86.9155367145, 40
40.4306130000, 86.9155240000, 40.4306152927, 86.9155253318, 45
40.4306153531, 86.9155253668, 7
40.4306154134, 86.9155254019, 8
40.4306154737, 86.9155254369, 5
40.4306155944, 86.9155255069, 6
40.4306157150, 86.9155255770, 8
40.4306158356, 86.9155256470, 8
40.4306158959, 86.9155256820, 7
40.4306159562, 86.9155257170, 5
40.4306160166, 86.9155257521, 6
40.4306160769, 86.9155257871, 5
40.4306161372, 86.9155258222, 8
40.4306161975, 86.9155258573, 8
40.4306162578, 86.9155258924, 8
40.4306163182, 86.9155259276, 5
40.4306164389, 86.9155259979, 7
40.4306164993, 86.9155260331, 6
40.4306165596, 86.9155260683, 6
40.4306166200, 86.9155261035, 7
40.4306167407, 86.9155261739, 8
40.4306168010, 86.9155262091, 5
40.4306168613, 86.9155262443, 5
40.4306169217, 86.9155262796, 7
40.4306169820, 86.9155263148, 5
40.4306170423, 86.9155263501, 6
40.4306171629, 86.9155264207, 8
40.4306172836, 86.9155264912, 6
40.4306173439, 86.9155265265, 5
40.4306174042, 86.9155265618, 6
40.4306174646, 86.9155265971, 6
40.4306175249, 86.9155266323, 7
40.4306176456, 86.9155267028, 8
40.4306177060, 86.9155267380, 5
40.4306177664, 86.9155267732, 5
40.4306178267, 86.9155268084, 7
40.4306178871, 86.9155268436, 5
40.4306180079, 86.9155269140, 7
40.4306180682, 86.9155269492, 7
40.4306181286, 86.9155269844, 5
40.4306182494, 86.9155270547, 6
40.4306201278, 86.9155281351, 36
40.4306221291, 86.9155292782, 40
40.4306241264, 86.9155304182, 40
40.4306261132, 86.9155315568, 40
40.4306200000, 86.9155110000, 40.4306223333, 86.9155123581, 47
40.4306242431, 86.9155134761, 38
40.4306262652, 86.9155146654, 39
40.4306281024, 86.9155157549, 38
40.4306302389, 86.9155170172, 42
40.4306322597, 86.9155182053, 42
40.4306341619, 86.9155193223, 39
40.4306380154, 86.9155215742, 71
40.4306398489, 86.9155226429, 37
40.4306418546, 86.9155238107, 40
40.4306200000, 86.9155110000, 40.4306222962, 86.9155123340, 46
40.4306223551, 86.9155123682, 7
40.4306224728, 86.9155124366, 9
40.4306225317, 86.9155124708, 5
40.4306225906, 86.9155125050, 5
40.4306226494, 86.9155125392, 7
40.4306227672, 86.9155126076, 10
40.4306228260, 86.9155126418, 8
40.4306228849, 86.9155126760, 5
40.4306230026, 86.9155127444, 6
40.4306230615, 86.9155127787, 6
40.4306231203, 86.9155128129, 7
40.4306231792, 86.9155128471, 7
40.4306232380, 86.9155128813, 7
40.4306233557, 86.9155129499, 6
40.4306234146, 86.9155129841, 6
40.4306235323, 86.9155130527, 8
40.4306235912, 86.9155130870, 7
40.4306236501, 86.9155131214, 6
40.4306237089, 86.9155131557, 7
40.4306238267, 86.9155132244, 6
40.4306239445, 86.9155132932, 6
40.4306240624, 86.9155133621, 9
40.4306241213, 86.9155133965, 8
40.4306241802, 86.9155134309, 7
40.4306242391, 86.9155134654, 5
40.4306243570, 86.9155135343, 6
40.4306244159, 86.9155135688, 5
40.4306244749, 86.9155136033, 7
40.4306245338, 86.9155136378, 7
40.4306246517, 86.9155137068, 8
40.4306247107, 86.9155137413, 5
40.4306248286, 86.9155138103, 6
40.4306248876, 86.9155138448, 7
40.4306249465, 86.9155138793, 6
40.4306250644, 86.9155139484, 7
40.4306251823, 86.9155140174, 8
40.4306253003, 86.9155140864, 6
40.4306253592, 86.9155141209, 5
40.4306254182, 86.9155141554, 6
40.4306272436, 86.9155152175, 36
40.4306291267, 86.9155163114, 38
40.4306310080, 86.9155173999, 37
40.4306329432, 86.9155185193, 39
40.4306280000, 86.9154990000, 40.4306302214, 86.9155002822, 45
40.4306321454, 86.9155014022, 38
40.4306341826, 86.9155025969, 40
40.4306359801, 86.9155036543, 38
40.4306380038, 86.9155048517, 42
40.4306399683, 86.9155060218, 41
40.4306418148, 86.9155071260, 39
40.4306438921, 86.9155083646, 41
40.4306458522, 86.9155095285, 41
40.4306280000, 86.9154990000, 40.4306301867, 86.9155002925, 44
40.4306302442, 86.9155003265, 7
40.4306303017, 86.9155003605, 6
40.4306304168, 86.9155004285, 6
40.4306305319, 86.9155004965, 8
40.4306305894, 86.9155005305, 7
40.4306307045, 86.9155005984, 8
40.4306307620, 86.9155006324, 5
40.4306308196, 86.9155006664, 5
40.4306309346, 86.9155007344, 6
40.4306309922, 86.9155007684, 7
40.4306310497, 86.9155008024, 7
40.4306311648, 86.9155008704, 8
40.4306312224, 86.9155009044, 5
40.4306312799, 86.9155009384, 5
40.4306313950, 86.9155010064, 8
40.4306314526, 86.9155010404, 7
40.4306315101, 86.9155010744, 6
40.4306316252, 86.9155011424, 8
40.4306316828, 86.9155011765, 5
40.4306317403, 86.9155012105, 5
40.4306318554, 86.9155012786, 8
40.4306319130, 86.9155013126, 7
40.4306320280, 86.9155013808, 8
40.4306321431, 86.9155014490, 6
40.4306322007, 86.9155014831, 5
40.4306323158, 86.9155015514, 6
40.4306323734, 86.9155015855, 8
40.4306324309, 86.9155016196, 8
40.4306324885, 86.9155016538, 8
40.4306325461, 86.9155016879, 5
40.4306326036, 86.9155017221, 5
40.4306326612, 86.9155017562, 5
40.4306327187, 86.9155017903, 7
40.4306328338, 86.9155018585, 8
40.4306328914, 86.9155018926, 7
40.4306330065, 86.9155019608, 6
40.4306330640, 86.9155019948, 5
40.4306331791, 86.9155020630, 7
40.4306332943, 86.9155021312, 6
40.4306333518, 86.9155021652, 7
40.4306334094, 86.9155021993, 7
40.4306335246, 86.9155022674, 6
40.4306336398, 86.9155023356, 6
40.4306354291, 86.9155033858, 36
40.4306372786, 86.9155044676, 39
40.4306391282, 86.9155055466, 40
40.4306410373, 86.9155066575, 40
40.4306350000, 86.9154860000, 40.4306371923, 86.9154872820, 46
40.4306390903, 86.9154883947, 38
40.4306410961, 86.9154895795, 40
40.4306428673, 86.9154906318, 38
40.4306448563, 86.9154918196, 70
40.4306468998, 86.9154930419, 41
40.4306488264, 86.9154941942, 39
40.4306506357, 86.9154952747, 41
40.4306525002, 86.9154963907, 40
40.4306350000, 86.9154860000, 40.4306371400, 86.9154872834, 46
40.4306371963, 86.9154873172, 8
40.4306372526, 86.9154873510, 5
40.4306373089, 86.9154873848, 6
40.4306373652, 86.9154874185, 7
40.4306374215, 86.9154874523, 7
40.4306374778, 86.9154874861, 6
40.4306375341, 86.9154875199, 6
40.4306375904, 86.9154875537, 5
40.4306377030, 86.9154876213, 6
40.4306377593, 86.9154876552, 7
40.4306378156, 86.9154876890, 6
40.4306378719, 86.9154877228, 6
40.4306379282, 86.9154877566, 7
40.4306379845, 86.9154877904, 5
40.4306380971, 86.9154878581, 6
40.4306381533, 86.9154878919, 6
40.4306382096, 86.9154879257, 6
40.4306382659, 86.9154879596, 7
40.4306383784, 86.9154880272, 8
40.4306384910, 86.9154880949, 6
40.4306386035, 86.9154881626, 6
40.4306387161, 86.9154882303, 8
40.4306388287, 86.9154882980, 8
40.4306388850, 86.9154883319, 7
40.4306389413, 86.9154883658, 5
40.4306390539, 86.9154884336, 6
40.4306391102, 86.9154884676, 5
40.4306391665, 86.9154885015, 7
40.4306392792, 86.9154885693, 8
40.4306393355, 86.9154886033, 8
40.4306393919, 86.9154886372, 5
40.4306395046, 86.9154887051, 6
40.4306395609, 86.9154887390, 5
40.4306396173, 86.9154887729, 7
40.4306396736, 86.9154888068, 7
40.4306397300, 86.9154888408, 8
40.4306397863, 86.9154888747, 5
40.4306398991, 86.9154889425, 6
40.4306399554, 86.9154889765, 6
40.4306400118, 86.9154890104, 6
40.4306400682, 86.9154890443, 7
40.4306401246, 86.9154890782, 8
40.4306401810, 86.9154891122, 5
40.4306402938, 86.9154891800, 6
40.4306404067, 86.9154892478, 8
40.4306422160, 86.9154903246, 36
40.4306440282, 86.9154913954, 37
40.4306458445, 86.9154924644, 37
40.4306477188, 86.9154935639, 38
40.4306420000, 86.9154730000, 40.4306441546, 86.9154742632, 66
40.4306460177, 86.9154753559, 39
40.4306479376, 86.9154764936, 41
40.4306499662, 86.9154777006, 43
40.4306517041, 86.9154787370, 36
40.4306536643, 86.9154799088, 40
40.4306554017, 86.9154809484, 37
40.4306574163, 86.9154821469, 43
40.4306592587, 86.9154832385, 41
40.4306420000, 86.9154730000, 40.4306441204, 86.9154742556, 46
40.4306458489, 86.9154752807, 39
40.4306459047, 86.9154753138, 8
40.4306459604, 86.9154753469, 8
40.4306460162, 86.9154753799, 5
40.4306461277, 86.9154754461, 6
40.4306462392, 86.9154755123, 6
40.4306462949, 86.9154755454, 7
40.4306464065, 86.9154756117, 8
40.4306464622, 86.9154756449, 7
40.4306465180, 86.9154756780, 5
40.4306465738, 86.9154757112, 6
40.4306466295, 86.9154757444, 5
40.4306467411, 86.9154758107, 7
40.4306468526, 86.9154758771, 8
40.4306469084, 86.9154759103, 7
40.4306469642, 86.9154759435, 5
40.4306470200, 86.9154759767, 5
40.4306470757, 86.9154760099, 5
40.4306471315, 86.9154760431, 7
40.4306471872, 86.9154760763, 7
40.4306472430, 86.9154761095, 8
40.4306472988, 86.9154761427, 5
40.4306473545, 86.9154761759, 5
40.4306474103, 86.9154762091, 5
40.4306474660, 86.9154762423, 7
40.4306475218, 86.9154762755, 7
40.4306476333, 86.9154763421, 8
40.4306476891, 86.9154763753, 5
40.4306478006, 86.9154764419, 6
40.4306478564, 86.9154764752, 5
40.4306479122, 86.9154765085, 7
40.4306479680, 86.9154765418, 7
40.4306480237, 86.9154765751, 8
40.4306480795, 86.9154766084, 5
40.4306481353, 86.9154766417, 5
40.4306481911, 86.9154766750, 5
40.4306483026, 86.9154767416, 8
40.4306483584, 86.9154767749, 7
40.4306484142, 86.9154768082, 8
40.4306484699, 86.9154768415, 5
40.4306485815, 86.9154769081, 6
40.4306486373, 86.9154769414, 5
40.4306504258, 86.9154780041, 37
40.4306522723, 86.9154790909, 38
40.4306540605, 86.9154801364, 37
40.4306558479, 86.9154811771, 67
40.4306500000, 86.9154610000, 40.4306522282, 86.9154623051, 45
40.4306541151, 86.9154634168, 40
40.4306558893, 86.9154644797, 37
40.4306578261, 86.9154656523, 42
40.4306595328, 86.9154666898, 38
40.4306614567, 86.9154678623, 41
40.4306633273, 86.9154690024, 39
40.4306650854, 86.9154700720, 38
40.4306668957, 86.9154711718, 38
40.4306500000, 86.9154610000, 40.4306520826, 86.9154622636, 46
40.4306521374, 86.9154622968, 8
40.4306521922, 86.9154623301, 5
40.4306522470, 86.9154623633, 5
40.4306523018, 86.9154623966, 5
40.4306524113, 86.9154624631, 7
40.4306524661, 86.9154624963, 7
40.4306525209, 86.9154625296, 7
40.4306525757, 86.9154625629, 5
40.4306526305, 86.9154625961, 5
40.4306526853, 86.9154626294, 7
40.4306527401, 86.9154626627, 7
40.4306527948, 86.9154626959, 5
40.4306528496, 86.9154627292, 7
40.4306529592, 86.9154627958, 6
40.4306530140, 86.9154628291, 5
40.4306530688, 86.9154628624, 7
40.4306531235, 86.9154628957, 5
40.4306532331, 86.9154629623, 7
40.4306532879, 86.9154629956, 7
40.4306533426, 86.9154630289, 5
40.4306533974, 86.9154630621, 5
40.4306534522, 86.9154630954, 5
40.4306535069, 86.9154631287, 6
40.4306535617, 86.9154631620, 7
40.4306536165, 86.9154631953, 8
40.4306536712, 86.9154632286, 5
40.4306537260, 86.9154632619, 5
40.4306538355, 86.9154633286, 6
40.4306538903, 86.9154633619, 7
40.4306539451, 86.9154633952, 7
40.4306540546, 86.9154634619, 8
40.4306541094, 86.9154634952, 5
40.4306542189, 86.9154635620, 6
40.4306542737, 86.9154635953, 5
40.4306543285, 86.9154636287, 7
40.4306543833, 86.9154636620, 7
40.4306544929, 86.9154637288, 8
40.4306546025, 86.9154637955, 6
40.4306547121, 86.9154638623, 6
40.4306547669, 86.9154638957, 7
40.4306548217, 86.9154639290, 5
40.4306548765, 86.9154639624, 6
40.4306549313, 86.9154639958, 7
40.4306549862, 86.9154640292, 5
40.4306550410, 86.9154640625, 37
40.4306567979, 86.9154651288, 39
40.4306586102, 86.9154662218, 41
40.4306603120, 86.9154672449, 37
40.4306621222, 86.9154683320, 38
40.4306570000, 86.9154490000, 40.4306592473, 86.9154503532, 46
40.4306609419, 86.9154513765, 40
40.4306627935, 86.9154524974, 40
40.4306647036, 86.9154536613, 42
40.4306663919, 86.9154546877, 37
40.4306682896, 86.9154558378, 40
40.4306701840, 86.9154569890, 40
40.4306719175, 86.9154580436, 38
40.4306737038, 86.9154591277, 38
40.4306570000, 86.9154490000, 40.4306591067, 86.9154502713, 46
40.4306607798, 86.9154512789, 37
40.4306608877, 86.9154513439, 8
40.4306609417, 86.9154513764, 8
40.4306609957, 86.9154514089, 6
40.4306610496, 86.9154514414, 5
40.4306611576, 86.9154515065, 7
40.4306612115, 86.9154515390, 6
40.4306612655, 86.9154515715, 7
40.4306613194, 86.9154516040, 7
40.4306613734, 86.9154516365, 5
40.4306614273, 86.9154516691, 5
40.4306614813, 86.9154517016, 5
40.4306615892, 86.9154517667, 8
40.4306616432, 86.9154517993, 7
40.4306616971, 86.9154518319, 7
40.4306617511, 86.9154518645, 5
40.4306618590, 86.9154519297, 6
40.4306619129, 86.9154519623, 5
40.4306620208, 86.9154520275, 7
40.4306621287, 86.9154520928, 8
40.4306621826, 86.9154521254, 7
40.4306622365, 86.9154521581, 5
40.4306622904, 86.9154521907, 5
40.4306623443, 86.9154522233, 5
40.4306623983, 86.9154522560, 7
40.4306624522, 86.9154522887, 7
40.4306625600, 86.9154523541, 8
40.4306626139, 86.9154523868, 5
40.4306626678, 86.9154524195, 5
40.4306627756, 86.9154524850, 6
40.4306628296, 86.9154525178, 7
40.4306628835, 86.9154525506, 7
40.4306629374, 86.9154525834, 8
40.4306629914, 86.9154526162, 5
40.4306630993, 86.9154526818, 6
40.4306631533, 86.9154527146, 5
40.4306632072, 86.9154527474, 6
40.4306632612, 86.9154527802, 7
40.4306633152, 86.9154528130, 7
40.4306633692, 86.9154528458, 37
40.4306651515, 86.9154539286, 40
40.4306669314, 86.9154550060, 38
40.4306686018, 86.9154560117, 36
40.4306703779, 86.9154570737, 40
40.4306640000, 86.9154370000, 40.4306660932, 86.9154382486, 47
40.4306678094, 86.9154392728, 38
40.4306696248, 86.9154403593, 39
40.4306714845, 86.9154414834, 42
40.4306731812, 86.9154425285, 36
40.4306750315, 86.9154436823, 40
40.4306766616, 86.9154447047, 38
40.4306785557, 86.9154458975, 41
40.4306803469, 86.9154470244, 39
40.4306640000, 86.9154370000, 40.4306660553, 86.9154382862, 46
40.4306676901, 86.9154393076, 37
40.4306677429, 86.9154393405, 8
40.4306677956, 86.9154393735, 8
40.4306678484, 86.9154394064, 8
40.4306679011, 86.9154394393, 5
40.4306679539, 86.9154394723, 5
40.4306680066, 86.9154395052, 5
40.4306681121, 86.9154395711, 7
40.4306681648, 86.9154396041, 7
40.4306682176, 86.9154396370, 7
40.4306682703, 86.9154396700, 5
40.4306683758, 86.9154397359, 6
40.4306684286, 86.9154397689, 5
40.4306685341, 86.9154398348, 7
40.4306685868, 86.9154398678, 7
40.4306686923, 86.9154399337, 8
40.4306687450, 86.9154399667, 5
40.4306687978, 86.9154399997, 5
40.4306689033, 86.9154400657, 6
40.4306690088, 86.9154401317, 7
40.4306691143, 86.9154401978, 8
40.4306692198, 86.9154402639, 8
40.4306693252, 86.9154403300, 6
40.4306693780, 86.9154403630, 5
40.4306694307, 86.9154403961, 7
40.4306694835, 86.9154404291, 5
40.4306695889, 86.9154404953, 7
40.4306696944, 86.9154405615, 8
40.4306697471, 86.9154405946, 5
40.4306697999, 86.9154406277, 5
40.4306698526, 86.9154406608, 7
40.4306699053, 86.9154406939, 7
40.4306700108, 86.9154407602, 8
40.4306700636, 86.9154407933, 5
40.4306701691, 86.9154408596, 6
40.4306702745, 86.9154409259, 6
40.4306703800, 86.9154409923, 9
40.4306704327, 86.9154410254, 8
40.4306704855, 86.9154410586, 8
40.4306705382, 86.9154410918, 28
40.4306721748, 86.9154421220, 37
40.4306738651, 86.9154431874, 38
40.4306755521, 86.9154442468, 39
40.4306772869, 86.9154453312, 39
40.4306710000, 86.9154250000, 40.4306730951, 86.9154263027, 47
40.4306747691, 86.9154273399, 38
40.4306765465, 86.9154284378, 39
40.4306783200, 86.9154295293, 39
40.4306800341, 86.9154305900, 38
40.4306818465, 86.9154317363, 41
40.4306835017, 86.9154328012, 39
40.4306853510, 86.9154339986, 41
40.4306869378, 86.9154350308, 36
40.4306886263, 86.9154361335, 38
40.4306710000, 86.9154250000, 40.4306729437, 86.9154262675, 43
40.4306729948, 86.9154263009, 5
40.4306730971, 86.9154263676, 7
40.4306731483, 86.9154264009, 7
40.4306731994, 86.9154264342, 7
40.4306732506, 86.9154264676, 7
40.4306733529, 86.9154265342, 6
40.4306734040, 86.9154265675, 5
40.4306735063, 86.9154266341, 6
40.4306735575, 86.9154266674, 6
40.4306736086, 86.9154267007, 7
40.4306737109, 86.9154267673, 8
40.4306738132, 86.9154268338, 6
40.4306738643, 86.9154268670, 5
40.4306739154, 86.9154269003, 7
40.4306740177, 86.9154269667, 8
40.4306740688, 86.9154269999, 6
40.4306741711, 86.9154270664, 7
40.4306742222, 86.9154270996, 5
40.4306743244, 86.9154271660, 6
40.4306743755, 86.9154271992, 7
40.4306744266, 86.9154272324, 7
40.4306745288, 86.9154272988, 8
40.4306746310, 86.9154273652, 6
40.4306747332, 86.9154274316, 6
40.4306747843, 86.9154274648, 5
40.4306748864, 86.9154275313, 9
40.4306749375, 86.9154275645, 8
40.4306749886, 86.9154275977, 8
40.4306750396, 86.9154276310, 5
40.4306751418, 86.9154276975, 6
40.4306751928, 86.9154277307, 5
40.4306752949, 86.9154277973, 7
40.4306753460, 86.9154278306, 7
40.4306753970, 86.9154278639, 7
40.4306754481, 86.9154278972, 5
40.4306754992, 86.9154279306, 5
40.4306755502, 86.9154279639, 7
40.4306756013, 86.9154279973, 6
40.4306756523, 86.9154280307, 26
40.4306757034, 86.9154280641, 5
40.4306773388, 86.9154291427, 37
40.4306789748, 86.9154302242, 39
40.4306805595, 86.9154312705, 38
40.4306822434, 86.9154323757, 38
40.4306780000, 86.9154130000, 40.4306799880, 86.9154142946, 47
40.4306816698, 86.9154153852, 38
40.4306834550, 86.9154165447, 40
40.4306852382, 86.9154177029, 40
40.4306869146, 86.9154187949, 39
40.4306886338, 86.9154199164, 41
40.4306901956, 86.9154209480, 38
40.4306920055, 86.9154221586, 43
40.4306935569, 86.9154232007, 35
40.4306953022, 86.9154243806, 40
40.4306780000, 86.9154130000, 40.4306798998, 86.9154142907, 45
40.4306799998, 86.9154143586, 6
40.4306800498, 86.9154143926, 5
40.4306800998, 86.9154144266, 8
40.4306801498, 86.9154144606, 8
40.4306802498, 86.9154145286, 9
40.4306802999, 86.9154145626, 5
40.4306803499, 86.9154145966, 5
40.4306803999, 86.9154146305, 5
40.4306805000, 86.9154146985, 8
40.4306805500, 86.9154147324, 7
40.4306806501, 86.9154148004, 8
40.4306807001, 86.9154148343, 5
40.4306807501, 86.9154148683, 5
40.4306808502, 86.9154149361, 7
40.4306809002, 86.9154149701, 6
40.4306809503, 86.9154150040, 7
40.4306810003, 86.9154150379, 7
40.4306810504, 86.9154150718, 5
40.4306811504, 86.9154151397, 6
40.4306812005, 86.9154151736, 5
40.4306813005, 86.9154152413, 7
40.4306813506, 86.9154152752, 7
40.4306814006, 86.9154153091, 8
40.4306814506, 86.9154153429, 5
40.4306815006, 86.9154153768, 5
40.4306815507, 86.9154154107, 5
40.4306816507, 86.9154154785, 7
40.4306817007, 86.9154155124, 7
40.4306818008, 86.9154155802, 8
40.4306818508, 86.9154156142, 5
40.4306819008, 86.9154156481, 5
40.4306820008, 86.9154157160, 6
40.4306820508, 86.9154157500, 7
40.4306821009, 86.9154157840, 7
40.4306822009, 86.9154158520, 8
40.4306822509, 86.9154158860, 5
40.4306823009, 86.9154159200, 5
40.4306824008, 86.9154159881, 28
40.4306825008, 86.9154160563, 6
40.4306826008, 86.9154161244, 7
40.4306826508, 86.9154161585, 6
40.4306842022, 86.9154172239, 36
40.4306858577, 86.9154183670, 41
40.4306874634, 86.9154194760, 39
40.4306891154, 86.9154206123, 38
40.4306860000, 86.9154020000, 40.4306879496, 86.9154033393, 46
40.4306895499, 86.9154044324, 38
40.4306912499, 86.9154055844, 39
40.4306927999, 86.9154066286, 38
40.4306945487, 86.9154078115, 42
40.4306962424, 86.9154089631, 42
40.4306978288, 86.9154100493, 39
40.4306996037, 86.9154112904, 42
40.4307011726, 86.9154124052, 36
40.4307028229, 86.9154135915, 39
40.4306860000, 86.9154020000, 40.4306878381, 86.9154033395, 45
40.4306878865, 86.9154033748, 5
40.4306879348, 86.9154034100, 5
40.4306880316, 86.9154034806, 8
40.4306880800, 86.9154035159, 5
40.4306881767, 86.9154035865, 7
40.4306882251, 86.9154036218, 7
40.4306882735, 86.9154036571, 5
40.4306883219, 86.9154036924, 5
40.4306883703, 86.9154037277, 5
40.4306884187, 86.9154037631, 7
40.4306884671, 86.9154037984, 7
40.4306885155, 86.9154038337, 8
40.4306885639, 86.9154038690, 5
40.4306886122, 86.9154039043, 5
40.4306887090, 86.9154039749, 6
40.4306887574, 86.9154040102, 7
40.4306888058, 86.9154040455, 7
40.4306888542, 86.9154040808, 7
40.4306889026, 86.9154041161, 5
40.4306889510, 86.9154041514, 5
40.4306890478, 86.9154042220, 6
40.4306890962, 86.9154042573, 7
40.4306891446, 86.9154042926, 7
40.4306891930, 86.9154043279, 7
40.4306892414, 86.9154043632, 5
40.4306893382, 86.9154044337, 6
40.4306893866, 86.9154044690, 5
40.4306894834, 86.9154045396, 7
40.4306895318, 86.9154045748, 7
40.4306895801, 86.9154046101, 8
40.4306896285, 86.9154046454, 5
40.4306897253, 86.9154047159, 6
40.4306897737, 86.9154047512, 5
40.4306898221, 86.9154047865, 6
40.4306898705, 86.9154048218, 7
40.4306899189, 86.9154048571, 27
40.4306900157, 86.9154049277, 9
40.4306900641, 86.9154049630, 8
40.4306901125, 86.9154049983, 8
40.4306901609, 86.9154050336, 5
40.4306902577, 86.9154051042, 6
40.4306903061, 86.9154051395, 6
40.4306918070, 86.9154062409, 36
40.4306933549, 86.9154073837, 38
40.4306949042, 86.9154085355, 37
40.4306965018, 86.9154097280, 39
40.4306920000, 86.9153900000, 40.4306938808, 86.9153914061, 46
40.4306954678, 86.9153925903, 38
40.4306970993, 86.9153938026, 39
40.4306985850, 86.9153949027, 37
40.4307003093, 86.9153961797, 43
40.4307019356, 86.9153973877, 41
40.4307034628, 86.9153985274, 39
40.4307051218, 86.9153997784, 41
40.4307065828, 86.9154009015, 36
40.4307081732, 86.9154021453, 39
40.4306920000, 86.9153900000, 40.4306937579, 86.9153913939, 45
40.4306938041, 86.9153914306, 5
40.4306938503, 86.9153914673, 5
40.4306938966, 86.9153915039, 5
40.4306939428, 86.9153915406, 6
40.4306939890, 86.9153915773, 7
40.4306940352, 86.9153916140, 7
40.4306940814, 86.9153916507, 5
40.4306941276, 86.9153916874, 5
40.4306941738, 86.9153917241, 5
40.4306942661, 86.9153917975, 7
40.4306943123, 86.9153918343, 7
40.4306943585, 86.9153918710, 7
40.4306944047, 86.9153919077, 5
40.4306944508, 86.9153919444, 5
40.4306945432, 86.9153920178, 6
40.4306945894, 86.9153920545, 7
40.4306946355, 86.9153920912, 7
40.4306947279, 86.9153921646, 8
40.4306948202, 86.9153922380, 6
40.4306949125, 86.9153923113, 6
40.4306949587, 86.9153923480, 7
40.4306950048, 86.9153923846, 5
40.4306950972, 86.9153924579, 7
40.4306951433, 86.9153924945, 7
40.4306951895, 86.9153925312, 5
40.4306952357, 86.9153925678, 5
40.4306953280, 86.9153926410, 8
40.4306954203, 86.9153927142, 8
40.4306954665, 86.9153927508, 7
40.4306955127, 86.9153927874, 5
40.4306955589, 86.9153928240, 5
40.4306956051, 86.9153928606, 5
40.4306956974, 86.9153929338, 36
40.4306957436, 86.9153929705, 5
40.4306957898, 86.9153930071, 6
40.4306958360, 86.9153930437, 8
40.4306958822, 86.9153930803, 7
40.4306959283, 86.9153931170, 7
40.4306959745, 86.9153931537, 6
40.4306960207, 86.9153931903, 5
40.4306960669, 86.9153932270, 7
40.4306975945, 86.9153944563, 37
40.4306990849, 86.9153956659, 37
40.4307005800, 86.9153968794, 39
40.4307021212, 86.9153981269, 40
40.4306980000, 86.9153790000, 40.4306998681, 86.9153805092, 48
40.4307013571, 86.9153817073, 39
40.4307029329, 86.9153829712, 40
40.4307045076, 86.9153842304, 39
40.4307059891, 86.9153854114, 38
40.4307076118, 86.9153866988, 41
40.4307090964, 86.9153878754, 39
40.4307107162, 86.9153891577, 42
40.4307121462, 86.9153902962, 36
40.4307137119, 86.9153915660, 39
40.4306980000, 86.9153790000, 40.4306996922, 86.9153803945, 43
40.4306997379, 86.9153804322, 5
40.4306997837, 86.9153804699, 5
40.4306998294, 86.9153805076, 7
40.4306998751, 86.9153805453, 8
40.4306999207, 86.9153805830, 8
40.4306999664, 86.9153806207, 5
40.4307000121, 86.9153806585, 5
40.4307001034, 86.9153807340, 6
40.4307001491, 86.9153807718, 7
40.4307001947, 86.9153808095, 7
40.4307002861, 86.9153808851, 8
40.4307003317, 86.9153809229, 5
40.4307003774, 86.9153809607, 5
40.4307004230, 86.9153809985, 6
40.4307005144, 86.9153810742, 8
40.4307006057, 86.9153811498, 8
40.4307006970, 86.9153812255, 8
40.4307007883, 86.9153813011, 6
40.4307008340, 86.9153813390, 5
40.4307009253, 86.9153814146, 8
40.4307010165, 86.9153814902, 8
40.4307011078, 86.9153815658, 8
40.4307011991, 86.9153816414, 6
40.4307012904, 86.9153817169, 6
40.4307013816, 86.9153817924, 6
40.4307014272, 86.9153818301, 8
40.4307014729, 86.9153818678, 8
40.4307015185, 86.9153819055, 8
40.4307015641, 86.9153819432, 5
40.4307016097, 86.9153819810, 5
40.4307016554, 86.9153820187, 35
40.4307017010, 86.9153820564, 5
40.4307017922, 86.9153821318, 7
40.4307018379, 86.9153821695, 9
40.4307018835, 86.9153822072, 8
40.4307019291, 86.9153822449, 8
40.4307019747, 86.9153822826, 5
40.4307020203, 86.9153823203, 5
40.4307020660, 86.9153823580, 7
40.4307034802, 86.9153835346, 36
40.4307049877, 86.9153848059, 38
40.4307064574, 86.9153860541, 38
40.4307079717, 86.9153873422, 38
40.4307050000, 86.9153680000, 40.4307067894, 86.9153695178, 46
40.4307082596, 86.9153707590, 38
40.4307098205, 86.9153720719, 39
40.4307112443, 86.9153732658, 36
40.4307129003, 86.9153746507, 42
40.4307144646, 86.9153759570, 41
40.4307159349, 86.9153771856, 39
40.4307175854, 86.9153785637, 43
40.4307190052, 86.9153797485, 36
40.4307205574, 86.9153810517, 39
40.4307050000, 86.9153680000, 40.4307067336, 86.9153694830, 45
40.4307067792, 86.9153695220, 5
40.4307068704, 86.9153696002, 6
40.4307069160, 86.9153696393, 7
40.4307070072, 86.9153697175, 8
40.4307070984, 86.9153697957, 8
40.4307071440, 86.9153698349, 5
40.4307071895, 86.9153698740, 5
40.4307072351, 86.9153699131, 5
40.4307072806, 86.9153699523, 8
40.4307073262, 86.9153699914, 8
40.4307074172, 86.9153700697, 9
40.4307074627, 86.9153701089, 5
40.4307075536, 86.9153701873, 6
40.4307075991, 86.9153702265, 6
40.4307076446, 86.9153702657, 7
40.4307076901, 86.9153703049, 7
40.4307077356, 86.9153703441, 7
40.4307078265, 86.9153704225, 6
40.4307078720, 86.9153704618, 5
40.4307079629, 86.9153705402, 6
40.4307080084, 86.9153705795, 6
40.4307080539, 86.9153706187, 7
40.4307080993, 86.9153706579, 7
40.4307081448, 86.9153706971, 5
40.4307082356, 86.9153707755, 6
40.4307082811, 86.9153708147, 6
40.4307083719, 86.9153708932, 7
40.4307084173, 86.9153709324, 7
40.4307084628, 86.9153709716, 7
40.4307085082, 86.9153710108, 5
40.4307085990, 86.9153710892, 6
40.4307086444, 86.9153711284, 6
40.4307087352, 86.9153712067, 7
40.4307087806, 86.9153712459, 5
40.4307088259, 86.9153712851, 8
40.4307088713, 86.9153713243, 8
40.4307089167, 86.9153713634, 8
40.4307089620, 86.9153714026, 5
40.4307090074, 86.9153714418, 6
40.4307090981, 86.9153715201, 8
40.4307104998, 86.9153727398, 36
40.4307119876, 86.9153740432, 38
40.4307134321, 86.9153753269, 38
40.4307149287, 86.9153766647, 40
40.4307110000, 86.9153560000, 40.4307127671, 86.9153575847, 44
40.4307142631, 86.9153589268, 38
40.4307158056, 86.9153603143, 39
40.4307172093, 86.9153615759, 37
40.4307188362, 86.9153630331, 42
40.4307202369, 86.9153642850, 38
40.4307218163, 86.9153656955, 42
40.4307234412, 86.9153671432, 42
40.4307248836, 86.9153684284, 36
40.4307264112, 86.9153697911, 39
40.4307110000, 86.9153560000, 40.4307126960, 86.9153575345, 45
40.4307127852, 86.9153576153, 6
40.4307128745, 86.9153576962, 6
40.4307129191, 86.9153577367, 7
40.4307130083, 86.9153578177, 8
40.4307130529, 86.9153578583, 7
40.4307130975, 86.9153578988, 5
40.4307131867, 86.9153579800, 6
40.4307132312, 86.9153580206, 5
40.4307132758, 86.9153580612, 7
40.4307133204, 86.9153581018, 7
40.4307133649, 86.9153581424, 5
40.4307134539, 86.9153582236, 7
40.4307134985, 86.9153582642, 5
40.4307135430, 86.9153583048, 5
40.4307136319, 86.9153583860, 8
40.4307136764, 86.9153584266, 7
40.4307137209, 86.9153584672, 5
40.4307137654, 86.9153585079, 6
40.4307138099, 86.9153585485, 6
40.4307138988, 86.9153586297, 6
40.4307139433, 86.9153586703, 7
40.4307139878, 86.9153587110, 5
40.4307140323, 86.9153587516, 7
40.4307140767, 86.9153587922, 7
40.4307141657, 86.9153588734, 6
40.4307142546, 86.9153589546, 6
40.4307142990, 86.9153589952, 7
40.4307143435, 86.9153590358, 5
40.4307144323, 86.9153591169, 7
40.4307144768, 86.9153591575, 7
40.4307145212, 86.9153591981, 37
40.4307145656, 86.9153592386, 8
40.4307146101, 86.9153592792, 6
40.4307146545, 86.9153593198, 6
40.4307146989, 86.9153593603, 5
40.4307147433, 86.9153594009, 6
40.4307147877, 86.9153594414, 7
40.4307148321, 86.9153594820, 8
40.4307148765, 86.9153595225, 6
40.4307149209, 86.9153595631, 5
40.4307162898, 86.9153608272, 36
40.4307176965, 86.9153621433, 41
40.4307190975, 86.9153634668, 39
40.4307205416, 86.9153648532, 39
40.4307180000, 86.9153450000, 40.4307197146, 86.9153466606, 47
40.4307211204, 86.9153480261, 37
40.4307226201, 86.9153494834, 39
40.4307239915, 86.9153508149, 38
40.4307255822, 86.9153523529, 42
40.4307271288, 86.9153538387, 42
40.4307285422, 86.9153551932, 39
40.4307300882, 86.9153566767, 41
40.4307314586, 86.9153579944, 36
40.4307329577, 86.9153594415, 38
40.4307180000, 86.9153450000, 40.4307196673, 86.9153466175, 45
40.4307197112, 86.9153466601, 5
40.4307197550, 86.9153467027, 5
40.4307198427, 86.9153467878, 6
40.4307199304, 86.9153468730, 7
40.4307199742, 86.9153469157, 7
40.4307200181, 86.9153469583, 7
40.4307201057, 86.9153470436, 6
40.4307201934, 86.9153471290, 6
40.4307202372, 86.9153471717, 7
40.4307202810, 86.9153472144, 5
40.4307203687, 86.9153473000, 7
40.4307204563, 86.9153473855, 8
40.4307205439, 86.9153474710, 6
40.4307205877, 86.9153475138, 5
40.4307206314, 86.9153475566, 7
40.4307206752, 86.9153475994, 5
40.4307207189, 86.9153476421, 6
40.4307207627, 86.9153476849, 7
40.4307208064, 86.9153477277, 5
40.4307208939, 86.9153478132, 6
40.4307209376, 86.9153478560, 5
40.4307210250, 86.9153479416, 7
40.4307210687, 86.9153479845, 7
40.4307211562, 86.9153480701, 8
40.4307212436, 86.9153481559, 6
40.4307212874, 86.9153481987, 5
40.4307213311, 86.9153482416, 7
40.4307213749, 86.9153482845, 5
40.4307214623, 86.9153483702, 7
40.4307215498, 86.9153484559, 27
40.4307215936, 86.9153484988, 7
40.4307216373, 86.9153485416, 8
40.4307216810, 86.9153485845, 8
40.4307217248, 86.9153486273, 6
40.4307217685, 86.9153486701, 5
40.4307218122, 86.9153487129, 8
40.4307218559, 86.9153487557, 8
40.4307218997, 86.9153487985, 7
40.4307219434, 86.9153488414, 5
40.4307220308, 86.9153489270, 7
40.4307220746, 86.9153489698, 5
40.4307234279, 86.9153502995, 36
40.4307248664, 86.9153517236, 40
40.4307262598, 86.9153531105, 38
40.4307276934, 86.9153545457, 38
40.4307250000, 86.9153330000, 40.4307266553, 86.9153346705, 45
40.4307280904, 86.9153361273, 38
40.4307295711, 86.9153376334, 39
40.4307309225, 86.9153390064, 38
40.4307324453, 86.9153405466, 42
40.4307339249, 86.9153420416, 42
40.4307353181, 86.9153434485, 39
40.4307368421, 86.9153449892, 40
40.4307381918, 86.9153463575, 36
40.4307396669, 86.9153478662, 39
40.4307250000, 86.9153330000, 40.4307266379, 86.9153346826, 45
40.4307267240, 86.9153347711, 6
40.4307267671, 86.9153348154, 5
40.4307268102, 86.9153348596, 7
40.4307268532, 86.9153349039, 6
40.4307269393, 86.9153349925, 7
40.4307269823, 86.9153350367, 7
40.4307270254, 86.9153350810, 5
40.4307271114, 86.9153351697, 6
40.4307271544, 86.9153352140, 7
40.4307271974, 86.9153352584, 7
40.4307272404, 86.9153353027, 5
40.4307273264, 86.9153353915, 8
40.4307273694, 86.9153354359, 5
40.4307274124, 86.9153354803, 5
40.4307274554, 86.9153355247, 7
40.4307275413, 86.9153356136, 8
40.4307276272, 86.9153357024, 8
40.4307276701, 86.9153357468, 5
40.4307277130, 86.9153357912, 6
40.4307277988, 86.9153358801, 6
40.4307278417, 86.9153359245, 8
40.4307278846, 86.9153359689, 8
40.4307279275, 86.9153360134, 8
40.4307279704, 86.9153360578, 5
40.4307280563, 86.9153361468, 6
40.4307280992, 86.9153361913, 6
40.4307281421, 86.9153362358, 7
40.4307281850, 86.9153362803, 27
40.4307282279, 86.9153363247, 5
40.4307283137, 86.9153364137, 10
40.4307283566, 86.9153364582, 8
40.4307283996, 86.9153365026, 8
40.4307284854, 86.9153365915, 6
40.4307285712, 86.9153366803, 6
40.4307286570, 86.9153367691, 8
40.4307286998, 86.9153368135, 6
40.4307287427, 86.9153368579, 7
40.4307287856, 86.9153369022, 8
40.4307288285, 86.9153369466, 5
40.4307288714, 86.9153369910, 5
40.4307289143, 86.9153370354, 7
40.4307302843, 86.9153384611, 37
40.4307316509, 86.9153398930, 37
40.4307330116, 86.9153413282, 38
40.4307343659, 86.9153427645, 39
40.4307330000, 86.9153220000, 40.4307346541, 86.9153237827, 46
40.4307360150, 86.9153252581, 39
40.4307374554, 86.9153268330, 39
40.4307387705, 86.9153282755, 36
40.4307402568, 86.9153299061, 42
40.4307417401, 86.9153315351, 41
40.4307430957, 86.9153330227, 37
40.4307446182, 86.9153346935, 43
40.4307459287, 86.9153361294, 36
40.4307474069, 86.9153377497, 39
40.4307330000, 86.9153220000, 40.4307345970, 86.9153237628, 44
40.4307346390, 86.9153238092, 5
40.4307346810, 86.9153238556, 5
40.4307347650, 86.9153239484, 9
40.4307348070, 86.9153239948, 8
40.4307348910, 86.9153240876, 9
40.4307349330, 86.9153241341, 5
40.4307350170, 86.9153242270, 6
40.4307351009, 86.9153243199, 6
40.4307351849, 86.9153244130, 7
40.4307352268, 86.9153244595, 7
40.4307353108, 86.9153245526, 8
40.4307353947, 86.9153246458, 6
40.4307354786, 86.9153247389, 6
40.4307355206, 86.9153247855, 7
40.4307355625, 86.9153248321, 5
40.4307356045, 86.9153248787, 7
40.4307356464, 86.9153249253, 7
40.4307356883, 86.9153249719, 5
40.4307357302, 86.9153250185, 5
40.4307358140, 86.9153251117, 6
40.4307358559, 86.9153251583, 7
40.4307358978, 86.9153252049, 7
40.4307359816, 86.9153252981, 8
40.4307360654, 86.9153253913, 6
40.4307361491, 86.9153254845, 6
40.4307361910, 86.9153255311, 35
40.4307362329, 86.9153255777, 5
40.4307362748, 86.9153256243, 6
40.4307363166, 86.9153256709, 8
40.4307363585, 86.9153257175, 8
40.4307364423, 86.9153258106, 8
40.4307365260, 86.9153259037, 7
40.4307365679, 86.9153259502, 6
40.4307366097, 86.9153259968, 7
40.4307366516, 86.9153260433, 7
40.4307367353, 86.9153261364, 9
40.4307367772, 86.9153261829, 5
40.4307368190, 86.9153262294, 5
40.4307368609, 86.9153262759, 5
40.4307381535, 86.9153277230, 36
40.4307394821, 86.9153292319, 39
40.4307408039, 86.9153307565, 38
40.4307421570, 86.9153323380, 38
40.4307400000, 86.9153100000, 40.4307415904, 86.9153118824, 46
40.4307428897, 86.9153134331, 38
40.4307442723, 86.9153150950, 39
40.4307455332, 86.9153166155, 38
40.4307469527, 86.9153183264, 42
40.4307483719, 86.9153200389, 42
40.4307496684, 86.9153216035, 39
40.4307510838, 86.9153233074, 40
40.4307523370, 86.9153248155, 36
40.4307537118, 86.9153264701, 39
40.4307400000, 86.9153100000, 40.4307415373, 86.9153118587, 46
40.4307415778, 86.9153119076, 5
40.4307416182, 86.9153119566, 5
40.4307416991, 86.9153120544, 6
40.4307417395, 86.9153121034, 7
40.4307417800, 86.9153121523, 7
40.4307418204, 86.9153122013, 8
40.4307418608, 86.9153122503, 5
40.4307419012, 86.9153122993, 5
40.4307419417, 86.9153123483, 5
40.4307419821, 86.9153123973, 7
40.4307420225, 86.9153124463, 7
40.4307421033, 86.9153125444, 8
40.4307421437, 86.9153125935, 5
40.4307421841, 86.9153126426, 5
40.4307422245, 86.9153126917, 5
40.4307423052, 86.9153127899, 7
40.4307423859, 86.9153128881, 8
40.4307424263, 86.9153129373, 7
40.4307424666, 86.9153129864, 5
40.4307425473, 86.9153130846, 6
40.4307425876, 86.9153131337, 7
40.4307426279, 86.9153131828, 5
40.4307426682, 86.9153132319, 6
40.4307427085, 86.9153132810, 7
40.4307427891, 86.9153133793, 6
40.4307428294, 86.9153134284, 37
40.4307428697, 86.9153134776, 5
40.4307429100, 86.9153135267, 5
40.4307429503, 86.9153135758, 6
40.4307429906, 86.9153136250, 7
40.4307430309, 86.9153136741, 7
40.4307430712, 86.9153137232, 8
40.4307431115, 86.9153137724, 6
40.4307431921, 86.9153138706, 6
40.4307432324, 86.9153139197, 7
40.4307432727, 86.9153139689, 6
40.4307433129, 86.9153140180, 7
40.4307433532, 86.9153140671, 7
40.4307433935, 86.9153141162, 5
40.4307434740, 86.9153142144, 6
40.4307447207, 86.9153157411, 36
40.4307460033, 86.9153173223, 39
40.4307473215, 86.9153189657, 40
40.4307486339, 86.9153206179, 40
40.4307470000, 86.9152970000, 40.4307485496, 86.9152989804, 47
40.4307498650, 86.9153006723, 38
40.4307512626, 86.9153024731, 40
40.4307525061, 86.9153040750, 38
40.4307539137, 86.9153058879, 42
40.4307552791, 86.9153076477, 41
40.4307565657, 86.9153093019, 39
40.4307579690, 86.9153111043, 40
40.4307592112, 86.9153126978, 36
40.4307605714, 86.9153144425, 39
40.4307470000, 86.9152970000, 40.4307485200, 86.9152989565, 46
40.4307485600, 86.9152990080, 5
40.4307486000, 86.9152990595, 5
40.4307486800, 86.9152991625, 6
40.4307487200, 86.9152992140, 7
40.4307487600, 86.9152992655, 7
40.4307488400, 86.9152993686, 8
40.4307489200, 86.9152994717, 6
40.4307489599, 86.9152995233, 5
40.4307489999, 86.9152995748, 7
40.4307490399, 86.9152996264, 5
40.4307491198, 86.9152997296, 7
40.4307491598, 86.9152997812, 7
40.4307492397, 86.9152998846, 6
40.4307493197, 86.9152999879, 6
40.4307493596, 86.9153000396, 7
40.4307493996, 86.9153000913, 5
40.4307494396, 86.9153001431, 7
40.4307494796, 86.9153001948, 7
40.4307495195, 86.9153002466, 5
40.4307495995, 86.9153003501, 6
40.4307496394, 86.9153004019, 5
40.4307496794, 86.9153004537, 6
40.4307497193, 86.9153005054, 7
40.4307497592, 86.9153005572, 8
40.4307497991, 86.9153006090, 37
40.4307498391, 86.9153006608, 8
40.4307498790, 86.9153007126, 6
40.4307499190, 86.9153007644, 6
40.4307499589, 86.9153008162, 7
40.4307499988, 86.9153008681, 6
40.4307500388, 86.9153009199, 6
40.4307500787, 86.9153009717, 8
40.4307501187, 86.9153010236, 6
40.4307501586, 86.9153010754, 5
40.4307502384, 86.9153011790, 8
40.4307503183, 86.9153012826, 8
40.4307503981, 86.9153013863, 8
40.4307504380, 86.9153014381, 5
40.4307505178, 86.9153015417, 6
40.4307517915, 86.9153032005, 38
40.4307531024, 86.9153049140, 39
40.4307543694, 86.9153065775, 37
40.4307556726, 86.9153083021, 38
40.4307540000, 86.9152850000, 40.4307554988, 86.9152869936, 43
40.4307567983, 86.9152887288, 37
40.4307581335, 86.9152905165, 41
40.4307593508, 86.9152921494, 38
40.4307607292, 86.9152939989, 42
40.4307619518, 86.9152956389, 37
40.4307633686, 86.9152975414, 40
40.4307647449, 86.9152993910, 40
40.4307660051, 86.9153010822, 40
40.4307673037, 86.9153028268, 39
40.4307540000, 86.9152850000, 40.4307554925, 86.9152870137, 46
40.4307555318, 86.9152870666, 8
40.4307555711, 86.9152871196, 5
40.4307556496, 86.9152872256, 6
40.4307556888, 86.9152872786, 5
40.4307557281, 86.9152873316, 7
40.4307557673, 86.9152873846, 7
40.4307558458, 86.9152874906, 8
40.4307559242, 86.9152875967, 6
40.4307559635, 86.9152876497, 5
40.4307560027, 86.9152877027, 6
40.4307560419, 86.9152877557, 6
40.4307561203, 86.9152878618, 7
40.4307561986, 86.9152879678, 8
40.4307562378, 86.9152880209, 5
40.4307562770, 86.9152880739, 5
40.4307563161, 86.9152881270, 7
40.4307563553, 86.9152881801, 5
40.4307564336, 86.9152882863, 7
40.4307564728, 86.9152883395, 7
40.4307565119, 86.9152883926, 6
40.4307565903, 86.9152884990, 6
40.4307566686, 86.9152886054, 8
40.4307567077, 86.9152886586, 7
40.4307567469, 86.9152887119, 5
40.4307568251, 86.9152888183, 37
40.4307568642, 86.9152888715, 7
40.4307569424, 86.9152889780, 9
40.4307569816, 86.9152890313, 6
40.4307570207, 86.9152890846, 6
40.4307570598, 86.9152891379, 7
40.4307570989, 86.9152891912, 7
40.4307571380, 86.9152892444, 7
40.4307571771, 86.9152892978, 5
40.4307572554, 86.9152894044, 6
40.4307572945, 86.9152894577, 5
40.4307573336, 86.9152895110, 8
40.4307573728, 86.9152895643, 7
40.4307574119, 86.9152896177, 7
40.4307574902, 86.9152897244, 6
40.4307575293, 86.9152897777, 5
40.4307587398, 86.9152914302, 36
40.4307599851, 86.9152931357, 39
40.4307612291, 86.9152948437, 38
40.4307624695, 86.9152965556, 39
40.4307610000, 86.9152720000, 40.4307624980, 86.9152740770, 45
40.4307637570, 86.9152758367, 37
40.4307650547, 86.9152776743, 39
40.4307662378, 86.9152793577, 36
40.4307675698, 86.9152812576, 43
40.4307689067, 86.9152831682, 41
40.4307701304, 86.9152849196, 38
40.4307714643, 86.9152868372, 39
40.4307726432, 86.9152885306, 37
40.4307738942, 86.9152903300, 38
40.4307610000, 86.9152720000, 40.4307624344, 86.9152740633, 45
40.4307624721, 86.9152741176, 7
40.4307625476, 86.9152742262, 6
40.4307625853, 86.9152742804, 5
40.4307626231, 86.9152743347, 6
40.4307626608, 86.9152743890, 6
40.4307626985, 86.9152744433, 7
40.4307627362, 86.9152744976, 7
40.4307627740, 86.9152745519, 5
40.4307628117, 86.9152746062, 5
40.4307628494, 86.9152746605, 7
40.4307628871, 86.9152747148, 7
40.4307629248, 86.9152747690, 7
40.4307629624, 86.9152748233, 5
40.4307630001, 86.9152748776, 5
40.4307630378, 86.9152749319, 5
40.4307631131, 86.9152750405, 8
40.4307631884, 86.9152751492, 8
40.4307632261, 86.9152752036, 7
40.4307632637, 86.9152752579, 5
40.4307633390, 86.9152753668, 6
40.4307633767, 86.9152754212, 5
40.4307634143, 86.9152754757, 8
40.4307634520, 86.9152755302, 8
40.4307634896, 86.9152755846, 37
40.4307635273, 86.9152756391, 8
40.4307635649, 86.9152756936, 8
40.4307636025, 86.9152757481, 6
40.4307636401, 86.9152758026, 6
40.4307637153, 86.9152759115, 8
40.4307637529, 86.9152759660, 6
40.4307638281, 86.9152760750, 7
40.4307638657, 86.9152761295, 7
40.4307639033, 86.9152761840, 5
40.4307639408, 86.9152762385, 5
40.4307640160, 86.9152763475, 9
40.4307640536, 86.9152764020, 7
40.4307640911, 86.9152764564, 7
40.4307641662, 86.9152765654, 6
40.4307642038, 86.9152766199, 6
40.4307642788, 86.9152767288, 6
40.4307654778, 86.9152784697, 37
40.4307666738, 86.9152802072, 39
40.4307678677, 86.9152819485, 39
40.4307690972, 86.9152837539, 38
40.4307670000, 86.9152580000, 40.4307684094, 86.9152600923, 45
40.4307695944, 86.9152618635, 37
40.4307708483, 86.9152637564, 40
40.4307719946, 86.9152655006, 38
40.4307733280, 86.9152675350, 42
40.4307746279, 86.9152695192, 42
40.4307758214, 86.9152713396, 38
40.4307771259, 86.9152733277, 41
40.4307782799, 86.9152750815, 35
40.4307795440, 86.9152769928, 38
40.4307670000, 86.9152580000, 40.4307684104, 86.9152601304, 45
40.4307684476, 86.9152601865, 5
40.4307685218, 86.9152602986, 6
40.4307685589, 86.9152603546, 5
40.4307685960, 86.9152604107, 7
40.4307686331, 86.9152604667, 7
40.4307686703, 86.9152605227, 7
40.4307687074, 86.9152605787, 5
40.4307687816, 86.9152606908, 6
40.4307688187, 86.9152607468, 5
40.4307688929, 86.9152608588, 7
40.4307689299, 86.9152609148, 7
40.4307689670, 86.9152609708, 8
40.4307690041, 86.9152610269, 5
40.4307690412, 86.9152610829, 5
40.4307690783, 86.9152611389, 5
40.4307691153, 86.9152611949, 7
40.4307691524, 86.9152612509, 7
40.4307691894, 86.9152613069, 8
40.4307692265, 86.9152613630, 5
40.4307693006, 86.9152614751, 6
40.4307693376, 86.9152615312, 5
40.4307693746, 86.9152615873, 7
40.4307694117, 86.9152616434, 28
40.4307694487, 86.9152616995, 6
40.4307694857, 86.9152617557, 8
40.4307695597, 86.9152618680, 9
40.4307696336, 86.9152619803, 9
40.4307696706, 86.9152620364, 6
40.4307697075, 86.9152620926, 5
40.4307697445, 86.9152621487, 7
40.4307698183, 86.9152622611, 8
40.4307698553, 86.9152623172, 7
40.4307698922, 86.9152623734, 5
40.4307699291, 86.9152624296, 6
40.4307699661, 86.9152624858, 6
40.4307700399, 86.9152625982, 8
40.4307700769, 86.9152626544, 8
40.4307701138, 86.9152627106, 8
40.4307701508, 86.9152627668, 5
40.4307702246, 86.9152628792, 6
40.4307713688, 86.9152646229, 36
40.4307725865, 86.9152664831, 38
40.4307738009, 86.9152683438, 37
40.4307750102, 86.9152702065, 37
40.4307740000, 86.9152460000, 40.4307753482, 86.9152480964, 43
40.4307765468, 86.9152499762, 38
40.4307778154, 86.9152519784, 42
40.4307789331, 86.9152537508, 37
40.4307802346, 86.9152558240, 43
40.4307813510, 86.9152576109, 37
40.4307826449, 86.9152596930, 41
40.4307838691, 86.9152616659, 39
40.4307850169, 86.9152635194, 39
40.4307862321, 86.9152654859, 40
40.4307740000, 86.9152460000, 40.4307753525, 86.9152481938, 46
40.4307753881, 86.9152482515, 8
40.4307754593, 86.9152483670, 6
40.4307754948, 86.9152484247, 5
40.4307755304, 86.9152484824, 6
40.4307755659, 86.9152485401, 6
40.4307756015, 86.9152485978, 7
40.4307756370, 86.9152486555, 7
40.4307756726, 86.9152487132, 5
40.4307757437, 86.9152488285, 6
40.4307757792, 86.9152488862, 5
40.4307758147, 86.9152489439, 6
40.4307758503, 86.9152490016, 7
40.4307758858, 86.9152490593, 7
40.4307759213, 86.9152491170, 5
40.4307759924, 86.9152492323, 6
40.4307760279, 86.9152492900, 6
40.4307760634, 86.9152493477, 6
40.4307761344, 86.9152494631, 7
40.4307762055, 86.9152495785, 8
40.4307762410, 86.9152496362, 5
40.4307763120, 86.9152497516, 6
40.4307763474, 86.9152498093, 5
40.4307763829, 86.9152498670, 35
40.4307764184, 86.9152499247, 5
40.4307764539, 86.9152499824, 8
40.4307765248, 86.9152500980, 9
40.4307765958, 86.9152502137, 9
40.4307766313, 86.9152502715, 5
40.4307766667, 86.9152503293, 5
40.4307767022, 86.9152503872, 7
40.4307767730, 86.9152505029, 8
40.4307768085, 86.9152505608, 7
40.4307768439, 86.9152506187, 6
40.4307768792, 86.9152506766, 6
40.4307769146, 86.9152507345, 5
40.4307769499, 86.9152507923, 7
40.4307770206, 86.9152509082, 8
40.4307770559, 86.9152509661, 8
40.4307770912, 86.9152510240, 5
40.4307771265, 86.9152510819, 5
40.4307782115, 86.9152528819, 36
40.4307793615, 86.9152548023, 40
40.4307804756, 86.9152566641, 39
40.4307816226, 86.9152585819, 40
40.4307810000, 86.9152340000, 40.4307823226, 86.9152362077, 46
40.4307834387, 86.9152380672, 37
40.4307846245, 86.9152400449, 39
40.4307857056, 86.9152418516, 38
40.4307869279, 86.9152438982, 41
40.4307881157, 86.9152458914, 39
40.4307892646, 86.9152478243, 38
40.4307904777, 86.9152498743, 39
40.4307915861, 86.9152517530, 37
40.4307927640, 86.9152537517, 39
40.4307810000, 86.9152340000, 40.4307823102, 86.9152362294, 45
40.4307823791, 86.9152363468, 8
40.4307824136, 86.9152364054, 5
40.4307824481, 86.9152364641, 5
40.4307824825, 86.9152365227, 7
40.4307825170, 86.9152365814, 5
40.4307825859, 86.9152366987, 7
40.4307826204, 86.9152367573, 7
40.4307826548, 86.9152368159, 5
40.4307826893, 86.9152368746, 5
40.4307827237, 86.9152369332, 7
40.4307827582, 86.9152369918, 5
40.4307827926, 86.9152370504, 7
40.4307828270, 86.9152371090, 7
40.4307828615, 86.9152371677, 5
40.4307828959, 86.9152372263, 5
40.4307829648, 86.9152373435, 6
40.4307829993, 86.9152374022, 7
40.4307830337, 86.9152374608, 7
40.4307831026, 86.9152375781, 8
40.4307831370, 86.9152376367, 5
40.4307831714, 86.9152376953, 5
40.4307832059, 86.9152377540, 26
40.4307832403, 86.9152378127, 7
40.4307832747, 86.9152378713, 6
40.4307833091, 86.9152379300, 6
40.4307833436, 86.9152379886, 9
40.4307833780, 86.9152380473, 8
40.4307834124, 86.9152381060, 8
40.4307834468, 86.9152381647, 6
40.4307834812, 86.9152382234, 5
40.4307835157, 86.9152382821, 5
40.4307835501, 86.9152383409, 7
40.4307835845, 86.9152383996, 7
40.4307836189, 86.9152384583, 7
40.4307836877, 86.9152385758, 6
40.4307837221, 86.9152386346, 5
40.4307837909, 86.9152387521, 8
40.4307838253, 86.9152388109, 5
40.4307838596, 86.9152388697, 6
40.4307838940, 86.9152389284, 7
40.4307839627, 86.9152390460, 7
40.4307839970, 86.9152391048, 5
40.4307850926, 86.9152409911, 37
40.4307861860, 86.9152428811, 39
40.4307873080, 86.9152448284, 40
40.4307884247, 86.9152467745, 40
40.4307880000, 86.9152230000, 40.4307892807, 86.9152252396, 46
40.4307903538, 86.9152271275, 38
40.4307915220, 86.9152292002, 40
40.4307925553, 86.9152310471, 38
40.4307937141, 86.9152331357, 41
40.4307948383, 86.9152351743, 42
40.4307958989, 86.9152371023, 39
40.4307970868, 86.9152392650, 41
40.4307981100, 86.9152411309, 36
40.4307991973, 86.9152431195, 39
40.4307880000, 86.9152230000, 40.4307892452, 86.9152252844, 46
40.4307892780, 86.9152253445, 5
40.4307893435, 86.9152254647, 6
40.4307893763, 86.9152255248, 6
40.4307894090, 86.9152255850, 6
40.4307894418, 86.9152256451, 7
40.4307894745, 86.9152257052, 7
40.4307895073, 86.9152257653, 5
40.4307895400, 86.9152258254, 5
40.4307896055, 86.9152259455, 6
40.4307896382, 86.9152260056, 7
40.4307896709, 86.9152260657, 7
40.4307897363, 86.9152261858, 8
40.4307898017, 86.9152263059, 6
40.4307898671, 86.9152264260, 6
40.4307898997, 86.9152264861, 7
40.4307899651, 86.9152266062, 8
40.4307899977, 86.9152266662, 5
40.4307900304, 86.9152267262, 7
40.4307900631, 86.9152267863, 37
40.4307900957, 86.9152268463, 8
40.4307901283, 86.9152269063, 6
40.4307901610, 86.9152269664, 6
40.4307901936, 86.9152270265, 8
40.4307902262, 86.9152270865, 7
40.4307902588, 86.9152271466, 7
40.4307902914, 86.9152272067, 6
40.4307903566, 86.9152273268, 7
40.4307903892, 86.9152273869, 5
40.4307904544, 86.9152275072, 9
40.4307905195, 86.9152276275, 8
40.4307905521, 86.9152276877, 8
40.4307905847, 86.9152277479, 5
40.4307906498, 86.9152278683, 6
40.4307907150, 86.9152279889, 8
40.4307907475, 86.9152280491, 5
40.4307907801, 86.9152281094, 6
40.4307908126, 86.9152281697, 7
40.4307908452, 86.9152282300, 5
40.4307908777, 86.9152282903, 5
40.4307918796, 86.9152301654, 36
40.4307929110, 86.9152321073, 38
40.4307939692, 86.9152341098, 39
40.4307950247, 86.9152361138, 40
40.4307950000, 86.9152110000, 40.4307962152, 86.9152133180, 45
40.4307972381, 86.9152152787, 37
40.4307983561, 86.9152174375, 40
40.4307993437, 86.9152193600, 39
40.4308004886, 86.9152216048, 41
40.4308015646, 86.9152237311, 41
40.4308025767, 86.9152257393, 38
40.4308036847, 86.9152279433, 40
40.4308046648, 86.9152298928, 36
40.4308057407, 86.9152320319, 42
40.4307950000, 86.9152110000, 40.4307962050, 86.9152133905, 45
40.4307962367, 86.9152134534, 5
40.4307963002, 86.9152135792, 6
40.4307963636, 86.9152137050, 7
40.4307963953, 86.9152137679, 8
40.4307964270, 86.9152138308, 8
40.4307964587, 86.9152138936, 8
40.4307964904, 86.9152139565, 5
40.4307965221, 86.9152140194, 5
40.4307965855, 86.9152141451, 6
40.4307966172, 86.9152142080, 6
40.4307966489, 86.9152142709, 7
40.4307966806, 86.9152143337, 8
40.4307967123, 86.9152143966, 5
40.4307967440, 86.9152144594, 5
40.4307968074, 86.9152145852, 6
40.4307968708, 86.9152147109, 7
40.4307969341, 86.9152148366, 8
40.4307969658, 86.9152148995, 7
40.4307970292, 86.9152150252, 38
40.4307970609, 86.9152150880, 8
40.4307970925, 86.9152151509, 6
40.4307971559, 86.9152152766, 7
40.4307971876, 86.9152153394, 7
40.4307972192, 86.9152154022, 5
40.4307972509, 86.9152154651, 6
40.4307973142, 86.9152155908, 9
40.4307973459, 86.9152156536, 6
40.4307973775, 86.9152157164, 5
40.4307974092, 86.9152157793, 7
40.4307974409, 86.9152158421, 8
40.4307974725, 86.9152159049, 8
40.4307975042, 86.9152159678, 5
40.4307975358, 86.9152160306, 5
40.4307975675, 86.9152160935, 5
40.4307976308, 86.9152162191, 8
40.4307976940, 86.9152163448, 8
40.4307977573, 86.9152164705, 8
40.4307977889, 86.9152165333, 6
40.4307987713, 86.9152184945, 39
40.4307997801, 86.9152205228, 39
40.4308007835, 86.9152225550, 38
40.4308018221, 86.9152246679, 39
40.4308020000, 86.9151980000, 40.4308031975, 86.9152004446, 43
40.4308042074, 86.9152025080, 37
40.4308052814, 86.9152047041, 41
40.4308062597, 86.9152067051, 38
40.4308073929, 86.9152090292, 41
40.4308084590, 86.9152112241, 40
40.4308094915, 86.9152133635, 37
40.4308106138, 86.9152157052, 41
40.4308115760, 86.9152177262, 38
40.4308126303, 86.9152199527, 41
40.4308020000, 86.9151980000, 40.4308031715, 86.9152004891, 45
40.4308032331, 86.9152006201, 8
40.4308032639, 86.9152006856, 5
40.4308032947, 86.9152007511, 5
40.4308033563, 86.9152008821, 6
40.4308033871, 86.9152009476, 8
40.4308034179, 86.9152010131, 7
40.4308034795, 86.9152011441, 9
40.4308035103, 86.9152012097, 5
40.4308035411, 86.9152012752, 5
40.4308035719, 86.9152013407, 5
40.4308036334, 86.9152014717, 8
40.4308036950, 86.9152016028, 8
40.4308037565, 86.9152017338, 8
40.4308037873, 86.9152017993, 5
40.4308038488, 86.9152019303, 6
40.4308038796, 86.9152019958, 6
40.4308039410, 86.9152021268, 7
40.4308039718, 86.9152021923, 7
40.4308040025, 86.9152022577, 7
40.4308040639, 86.9152023886, 29
40.4308040946, 86.9152024541, 7
40.4308041561, 86.9152025850, 8
40.4308041868, 86.9152026504, 6
40.4308042175, 86.9152027159, 6
40.4308042482, 86.9152027813, 7
40.4308042788, 86.9152028468, 7
40.4308043095, 86.9152029122, 8
40.4308043402, 86.9152029776, 5
40.4308043708, 86.9152030430, 5
40.4308044015, 86.9152031084, 6
40.4308044322, 86.9152031738, 7
40.4308044628, 86.9152032392, 7
40.4308045241, 86.9152033699, 8
40.4308045547, 86.9152034353, 5
40.4308046160, 86.9152035661, 6
40.4308046466, 86.9152036315, 5
40.4308047078, 86.9152037622, 7
40.4308047384, 86.9152038275, 7
40.4308047996, 86.9152039583, 8
40.4308048608, 86.9152040890, 6
40.4308048914, 86.9152041543, 5
40.4308058397, 86.9152061851, 36
40.4308068144, 86.9152082847, 39
40.4308077868, 86.9152103962, 39
40.4308087857, 86.9152125856, 40
40.4308090000, 86.9151850000, 40.4308101311, 86.9151875175, 45
40.4308110785, 86.9151896438, 37
40.4308120817, 86.9151919090, 39
40.4308129932, 86.9151939745, 38
40.4308140455, 86.9151963683, 42
40.4308150645, 86.9151986916, 41
40.4308159913, 86.9152008159, 38
40.4308170018, 86.9152031477, 40
40.4308178965, 86.9152052248, 36
40.4308188765, 86.9152075070, 42
40.4308090000, 86.9151850000, 40.4308101014, 86.9151875576, 45
40.4308101594, 86.9151876922, 6
40.4308102174, 86.9151878269, 6
40.4308102464, 86.9151878942, 6
40.4308103045, 86.9151880290, 9
40.4308103335, 86.9151880964, 8
40.4308103626, 86.9151881638, 8
40.4308103917, 86.9151882313, 5
40.4308104207, 86.9151882987, 5
40.4308104789, 86.9151884336, 8
40.4308105080, 86.9151885010, 5
40.4308105662, 86.9151886359, 7
40.4308105954, 86.9151887034, 7
40.4308106245, 86.9151887708, 5
40.4308106827, 86.9151889057, 6
40.4308107410, 86.9151890406, 8
40.4308107701, 86.9151891080, 7
40.4308107992, 86.9151891755, 5
40.4308108575, 86.9151893104, 27
40.4308108866, 86.9151893779, 7
40.4308109448, 86.9151895128, 8
40.4308110031, 86.9151896477, 9
40.4308110322, 86.9151897152, 6
40.4308110613, 86.9151897827, 5
40.4308110903, 86.9151898501, 9
40.4308111194, 86.9151899176, 8
40.4308111485, 86.9151899850, 8
40.4308112066, 86.9151901199, 6
40.4308112357, 86.9151901873, 6
40.4308112647, 86.9151902547, 6
40.4308112937, 86.9151903221, 6
40.4308113228, 86.9151903895, 7
40.4308113808, 86.9151905243, 8
40.4308114098, 86.9151905917, 5
40.4308114678, 86.9151907265, 6
40.4308114969, 86.9151907938, 7
40.4308115259, 86.9151908612, 7
40.4308115549, 86.9151909286, 7
40.4308115839, 86.9151909960, 6
40.4308116129, 86.9151910634, 5
40.4308125408, 86.9151932202, 39
40.4308134661, 86.9151953760, 39
40.4308144168, 86.9151976061, 38
40.4308153670, 86.9151998505, 39
40.4308170000, 86.9151720000, 40.4308180906, 86.9151745911, 43
40.4308190275, 86.9151768381, 37
40.4308199867, 86.9151791578, 41
40.4308208600, 86.9151812816, 38
40.4308218381, 86.9151836760, 40
40.4308227806, 86.9151859958, 41
40.4308236642, 86.9151881785, 37
40.4308246266, 86.9151905681, 39
40.4308254742, 86.9151926863, 39
40.4308263975, 86.9151950114, 40
40.4308170000, 86.9151720000, 40.4308180286, 86.9151746049, 45
40.4308180556, 86.9151746735, 8
40.4308180827, 86.9151747420, 5
40.4308181098, 86.9151748106, 5
40.4308181368, 86.9151748792, 5
40.4308181639, 86.9151749477, 8
40.4308181909, 86.9151750163, 7
40.4308182180, 86.9151750848, 8
40.4308182451, 86.9151751534, 5
40.4308182721, 86.9151752220, 5
40.4308183263, 86.9151753591, 6
40.4308183534, 86.9151754277, 7
40.4308183804, 86.9151754963, 7
40.4308184075, 86.9151755649, 7
40.4308184617, 86.9151757021, 7
40.4308184888, 86.9151757707, 5
40.4308185430, 86.9151759080, 8
40.4308185701, 86.9151759766, 7
40.4308185972, 86.9151760453, 26
40.4308186244, 86.9151761140, 6
40.4308186787, 86.9151762513, 8
40.4308187058, 86.9151763200, 8
40.4308187330, 86.9151763887, 7
40.4308187601, 86.9151764574, 6
40.4308187873, 86.9151765261, 5
40.4308188145, 86.9151765948, 8
40.4308188416, 86.9151766635, 7
40.4308188688, 86.9151767322, 7
40.4308188960, 86.9151768010, 6
40.4308189232, 86.9151768697, 5
40.4308189504, 86.9151769384, 5
40.4308189776, 86.9151770071, 7
40.4308190048, 86.9151770758, 8
40.4308190320, 86.9151771445, 8
40.4308190592, 86.9151772132, 5
40.4308191136, 86.9151773506, 6
40.4308191409, 86.9151774193, 7
40.4308191681, 86.9151774879, 5
40.4308191953, 86.9151775566, 6
40.4308192225, 86.9151776253, 7
40.4308192770, 86.9151777626, 6
40.4308201234, 86.9151798888, 39
40.4308210272, 86.9151821482, 40
40.4308219072, 86.9151843401, 38
40.4308228205, 86.9151866054, 38
40.4308250000, 86.9151600000, 40.4308260653, 86.9151626240, 43
40.4308269925, 86.9151649028, 37
40.4308279474, 86.9151672521, 41
40.4308288230, 86.9151694000, 38
40.4308298427, 86.9151718885, 41
40.4308308070, 86.9151742298, 40
40.4308317211, 86.9151764346, 37
40.4308327565, 86.9151789171, 40
40.4308336531, 86.9151810602, 38
40.4308346106, 86.9151833448, 41
40.4308250000, 86.9151600000, 40.4308261073, 86.9151626375, 45
40.4308261364, 86.9151627069, 7
40.4308261656, 86.9151627763, 5
40.4308262239, 86.9151629151, 6
40.4308262530, 86.9151629845, 5
40.4308262822, 86.9151630539, 7
40.4308263405, 86.9151631928, 8
40.4308263697, 86.9151632622, 7
40.4308263989, 86.9151633316, 5
40.4308264281, 86.9151634010, 5
40.4308264573, 86.9151634705, 5
40.4308265157, 86.9151636094, 9
40.4308265449, 86.9151636789, 8
40.4308265742, 86.9151637484, 8
40.4308266035, 86.9151638179, 5
40.4308266327, 86.9151638874, 5
40.4308266913, 86.9151640263, 7
40.4308267207, 86.9151640958, 35
40.4308267500, 86.9151641653, 5
40.4308267793, 86.9151642348, 7
40.4308268087, 86.9151643043, 8
40.4308268381, 86.9151643738, 8
40.4308268969, 86.9151645127, 6
40.4308269558, 86.9151646517, 7
40.4308269852, 86.9151647212, 7
40.4308270147, 86.9151647907, 6
40.4308270442, 86.9151648602, 7
40.4308270737, 86.9151649297, 8
40.4308271032, 86.9151649991, 5
40.4308271327, 86.9151650685, 5
40.4308271622, 86.9151651380, 7
40.4308272213, 86.9151652768, 8
40.4308272508, 86.9151653462, 6
40.4308272804, 86.9151654156, 6
40.4308273099, 86.9151654850, 5
40.4308273691, 86.9151656237, 6
40.4308273987, 86.9151656930, 6
40.4308274579, 86.9151658317, 6
40.4308275172, 86.9151659703, 7
40.4308275468, 86.9151660397, 7
40.4308276062, 86.9151661783, 6
40.4308285360, 86.9151683229, 39
40.4308295063, 86.9151705358, 39
40.4308304843, 86.9151727513, 38
40.4308315000, 86.9151750410, 38
40.4308360000, 86.9151530000, 40.4308371841, 86.9151556580, 43
40.4308382179, 86.9151579717, 38
40.4308392878, 86.9151603528, 42
40.4308402765, 86.9151625282, 38
40.4308414063, 86.9151649728, 40
40.4308425483, 86.9151673992, 42
40.4308436094, 86.9151696144, 37
40.4308447883, 86.9151720340, 40
40.4308458414, 86.9151741716, 38
40.4308470051, 86.9151765179, 41
40.4308360000, 86.9151530000, 40.4308373081, 86.9151556276, 45
40.4308373426, 86.9151556967, 7
40.4308373770, 86.9151557659, 5
40.4308374114, 86.9151558350, 5
40.4308374459, 86.9151559042, 5
40.4308374803, 86.9151559733, 7
40.4308375148, 86.9151560425, 8
40.4308375493, 86.9151561116, 8
40.4308375838, 86.9151561808, 5
40.4308376182, 86.9151562500, 5
40.4308376527, 86.9151563191, 5
40.4308376872, 86.9151563883, 7
40.4308377563, 86.9151565267, 8
40.4308378254, 86.9151566651, 8
40.4308378946, 86.9151568035, 6
40.4308379292, 86.9151568728, 5
40.4308379985, 86.9151570112, 29
40.4308380331, 86.9151570805, 5
40.4308380678, 86.9151571497, 6
40.4308381372, 86.9151572881, 7
40.4308381719, 86.9151573574, 8
40.4308382066, 86.9151574266, 8
40.4308382413, 86.9151574958, 8
40.4308383109, 86.9151576342, 7
40.4308383456, 86.9151577034, 5
40.4308383804, 86.9151577726, 7
40.4308384152, 86.9151578419, 8
40.4308384500, 86.9151579111, 7
40.4308384849, 86.9151579803, 5
40.4308385197, 86.9151580495, 5
40.4308385546, 86.9151581187, 5
40.4308386243, 86.9151582571, 8
40.4308386941, 86.9151583955, 8
40.4308387640, 86.9151585339, 8
40.4308388338, 86.9151586723, 6
40.4308388688, 86.9151587415, 5
40.4308389038, 86.9151588106, 7
40.4308389388, 86.9151588798, 5
40.4308389737, 86.9151589490, 6
40.4308390087, 86.9151590181, 7
40.4308390438, 86.9151590873, 6
40.4308401727, 86.9151613000, 40
40.4308413426, 86.9151635779, 39
40.4308424805, 86.9151657853, 38
40.4308436629, 86.9151680720, 38
40.4308480000, 86.9151540000, 40.4308493698, 86.9151566318, 43
40.4308505669, 86.9151589202, 37
40.4308518205, 86.9151612902, 41
40.4308529790, 86.9151634529, 38
40.4308542965, 86.9151658761, 40
40.4308555892, 86.9151682182, 41
40.4308568532, 86.9151704804, 37
40.4308582026, 86.9151728721, 39
40.4308594460, 86.9151750575, 39
40.4308607390, 86.9151773125, 40
40.4308480000, 86.9151540000, 40.4308495058, 86.9151565921, 46
40.4308495454, 86.9151566603, 8
40.4308495850, 86.9151567285, 5
40.4308496247, 86.9151567967, 5
40.4308497041, 86.9151569331, 6
40.4308497437, 86.9151570013, 7
40.4308497834, 86.9151570695, 7
40.4308498231, 86.9151571377, 8
40.4308498629, 86.9151572060, 5
40.4308499026, 86.9151572742, 5
40.4308499821, 86.9151574106, 6
40.4308500219, 86.9151574788, 7
40.4308500616, 86.9151575470, 7
40.4308501014, 86.9151576153, 8
40.4308501412, 86.9151576835, 5
40.4308501810, 86.9151577517, 37
40.4308502208, 86.9151578199, 5
40.4308502606, 86.9151578881, 6
40.4308503005, 86.9151579563, 6
40.4308503403, 86.9151580246, 8
40.4308503802, 86.9151580928, 8
40.4308504200, 86.9151581610, 8
40.4308504997, 86.9151582974, 7
40.4308505396, 86.9151583655, 5
40.4308505794, 86.9151584337, 7
40.4308506193, 86.9151585019, 7
40.4308506592, 86.9151585700, 8
40.4308506991, 86.9151586381, 6
40.4308507389, 86.9151587063, 5
40.4308508187, 86.9151588424, 6
40.4308508587, 86.9151589105, 8
40.4308508986, 86.9151589786, 8
40.4308509385, 86.9151590466, 8
40.4308509784, 86.9151591147, 5
40.4308510583, 86.9151592507, 6
40.4308510982, 86.9151593187, 5
40.4308511381, 86.9151593867, 6
40.4308511781, 86.9151594547, 7
40.4308512181, 86.9151595227, 8
40.4308512580, 86.9151595906, 5
40.4308525466, 86.9151617569, 40
40.4308538821, 86.9151639753, 40
40.4308551844, 86.9151661180, 38
40.4308565415, 86.9151683361, 38
40.4308610000, 86.9151620000, 40.4308625727, 86.9151645520, 43
40.4308639440, 86.9151667668, 38
40.4308653631, 86.9151690446, 41
40.4308666623, 86.9151711173, 37
40.4308681809, 86.9151735112, 41
40.4308696235, 86.9151757524, 40
40.4308710324, 86.9151779108, 38
40.4308725376, 86.9151801915, 39
40.4308738780, 86.9151822086, 38
40.4308753570, 86.9151844258, 41
40.4308610000, 86.9151620000, 40.4308626629, 86.9151644842, 45
40.4308627067, 86.9151645496, 7
40.4308627505, 86.9151646150, 5
40.4308628381, 86.9151647458, 6
40.4308628819, 86.9151648112, 5
40.4308629696, 86.9151649421, 8
40.4308630573, 86.9151650730, 8
40.4308631451, 86.9151652040, 8
40.4308631890, 86.9151652695, 5
40.4308632768, 86.9151654005, 6
40.4308633647, 86.9151655315, 8
40.4308634087, 86.9151655970, 7
40.4308634526, 86.9151656625, 6
40.4308634966, 86.9151657279, 7
40.4308635406, 86.9151657934, 5
40.4308635846, 86.9151658589, 37
40.4308636286, 86.9151659244, 5
40.4308636726, 86.9151659899, 6
40.4308637166, 86.9151660553, 6
40.4308637606, 86.9151661208, 8
40.4308638047, 86.9151661862, 8
40.4308638487, 86.9151662516, 7
40.4308639369, 86.9151663825, 6
40.4308639810, 86.9151664479, 6
40.4308640692, 86.9151665786, 8
40.4308641133, 86.9151666440, 7
40.4308641574, 86.9151667093, 8
40.4308642015, 86.9151667747, 6
40.4308642456, 86.9151668400, 5
40.4308642897, 86.9151669053, 5
40.4308643339, 86.9151669706, 8
40.4308644222, 86.9151671012, 8
40.4308645106, 86.9151672318, 9
40.4308645548, 86.9151672970, 5
40.4308646433, 86.9151674275, 6
40.4308646875, 86.9151674927, 7
40.4308647317, 86.9151675579, 6
40.4308647760, 86.9151676231, 7
40.4308648202, 86.9151676882, 7
40.4308648644, 86.9151677533, 5
40.4308649530, 86.9151678835, 6
40.4308649972, 86.9151679486, 5
40.4308664192, 86.9151700123, 37
40.4308678490, 86.9151720635, 38
40.4308692817, 86.9151741017, 38
40.4308707610, 86.9151761982, 38
40.4308723782, 86.9151784854, 44
40.4308738595, 86.9151805767, 38
40.4308753854, 86.9151827286, 39
40.4308767828, 86.9151846908, 38
40.4308784150, 86.9151869581, 43
40.4308798255, 86.9151888986, 37
40.4308814763, 86.9151911424, 43
40.4308830454, 86.9151932560, 39
40.4308845310, 86.9151952433, 37
40.4308861197, 86.9151973552, 40
40.4308700000, 86.9151730000, 40.4308717787, 86.9151753520, 46
40.4308718723, 86.9151754758, 6
40.4308719191, 86.9151755377, 5
40.4308719660, 86.9151755995, 5
40.4308720596, 86.9151757233, 8
40.4308721065, 86.9151757852, 7
40.4308721533, 86.9151758471, 7
40.4308722002, 86.9151759090, 5
40.4308722470, 86.9151759709, 5
40.4308722939, 86.9151760328, 5
40.4308723408, 86.9151760947, 7
40.4308723877, 86.9151761566, 7
40.4308724346, 86.9151762185, 7
40.4308725285, 86.9151763424, 6
40.4308725754, 86.9151764043, 37
40.4308726224, 86.9151764662, 5
40.4308727164, 86.9151765899, 6
40.4308727634, 86.9151766517, 6
40.4308728104, 86.9151767136, 7
40.4308728574, 86.9151767754, 7
40.4308729044, 86.9151768373, 7
40.4308729515, 86.9151768991, 6
40.4308729985, 86.9151769609, 5
40.4308730456, 86.9151770227, 7
40.4308731397, 86.9151771462, 9
40.4308731868, 86.9151772080, 7
40.4308732339, 86.9151772697, 5
40.4308732810, 86.9151773314, 5
40.4308733281, 86.9151773931, 5
40.4308734224, 86.9151775165, 8
40.4308735167, 86.9151776398, 8
40.4308735639, 86.9151777014, 8
40.4308736111, 86.9151777631, 5
40.4308736583, 86.9151778247, 5
40.4308737055, 86.9151778863, 7
40.4308737527, 86.9151779479, 5
40.4308737999, 86.9151780095, 6
40.4308738471, 86.9151780711, 7
40.4308753187, 86.9151799682, 38
40.4308768926, 86.9151819810, 39
40.4308784243, 86.9151839272, 38
40.4308800076, 86.9151859285, 37
40.4308816903, 86.9151880519, 40
40.4308832788, 86.9151900553, 40
40.4308849612, 86.9151921781, 42
40.4308864536, 86.9151940568, 38
40.4308881967, 86.9151962359, 41
40.4308898972, 86.9151983427, 40
40.4308915080, 86.9152003177, 37
40.4308932246, 86.9152024043, 42
40.4308947523, 86.9152042494, 38
40.4308963866, 86.9152062122, 39
40.4308800000, 86.9151840000, 40.4308818888, 86.9151862553, 46
40.4308819385, 86.9151863147, 8
40.4308819883, 86.9151863740, 8
40.4308820380, 86.9151864334, 5
40.4308820877, 86.9151864927, 5
40.4308821872, 86.9151866114, 6
40.4308822867, 86.9151867301, 8
40.4308823365, 86.9151867895, 7
40.4308824360, 86.9151869082, 8
40.4308825356, 86.9151870269, 6
40.4308826353, 86.9151871457, 6
40.4308827349, 86.9151872645, 8
40.4308827848, 86.9151873239, 7
40.4308828346, 86.9151873832, 5
40.4308828845, 86.9151874426, 7
40.4308829344, 86.9151875020, 5
40.4308830341, 86.9151876207, 38
40.4308830840, 86.9151876801, 5
40.4308831339, 86.9151877394, 6
40.4308831839, 86.9151877988, 6
40.4308832338, 86.9151878582, 7
40.4308832837, 86.9151879175, 7
40.4308833337, 86.9151879768, 7
40.4308833836, 86.9151880362, 6
40.4308834336, 86.9151880955, 5
40.4308834836, 86.9151881548, 7
40.4308835336, 86.9151882141, 7
40.4308835836, 86.9151882734, 8
40.4308836336, 86.9151883327, 6
40.4308836836, 86.9151883920, 5
40.4308837336, 86.9151884512, 5
40.4308838336, 86.9151885697, 8
40.4308838836, 86.9151886290, 7
40.4308839837, 86.9151887474, 8
40.4308840337, 86.9151888066, 5
40.4308840838, 86.9151888658, 5
40.4308841338, 86.9151889249, 7
40.4308841839, 86.9151889841, 5
40.4308842840, 86.9151891023, 7
40.4308843841, 86.9151892205, 8
40.4308859399, 86.9151910373, 38
40.4308875513, 86.9151928994, 38
40.4308892186, 86.9151948087, 37
40.4308908914, 86.9151967083, 38
40.4308870000, 86.9151960000, 40.4308889320, 86.9151981811, 43
40.4308906190, 86.9152000791, 41
40.4308923588, 86.9152020262, 40
40.4308939444, 86.9152037946, 38
40.4308957932, 86.9152058464, 42
40.4308975471, 86.9152077800, 39
40.4308992035, 86.9152095952, 37
40.4309010762, 86.9152116370, 43
40.4309027474, 86.9152134504, 38
40.4309044788, 86.9152153229, 39
40.4308870000, 86.9151960000, 40.4308890041, 86.9151981597, 46
40.4308890569, 86.9151982166, 8
40.4308891096, 86.9151982734, 8
40.4308891624, 86.9151983302, 5
40.4308892152, 86.9151983871, 5
40.4308892679, 86.9151984439, 6
40.4308893207, 86.9151985007, 6
40.4308894262, 86.9151986143, 8
40.4308895318, 86.9151987279, 8
40.4308895846, 86.9151987846, 5
40.4308896901, 86.9151988982, 6
40.4308897429, 86.9151989550, 7
40.4308897957, 86.9151990117, 6
40.4308898485, 86.9151990685, 6
40.4308899014, 86.9151991253, 7
40.4308899542, 86.9151991821, 5
40.4308900071, 86.9151992389, 36
40.4308900599, 86.9151992957, 5
40.4308901128, 86.9151993525, 6
40.4308901656, 86.9151994093, 6
40.4308902185, 86.9151994661, 8
40.4308902714, 86.9151995228, 8
40.4308903243, 86.9151995795, 7
40.4308903772, 86.9151996363, 5
40.4308904301, 86.9151996930, 5
40.4308905359, 86.9151998064, 8
40.4308905889, 86.9151998631, 7
40.4308906948, 86.9151999766, 8
40.4308907478, 86.9152000333, 5
40.4308908008, 86.9152000900, 5
40.4308909069, 86.9152002034, 6
40.4308910130, 86.9152003167, 8
40.4308910660, 86.9152003734, 7
40.4308911721, 86.9152004866, 9
40.4308912252, 86.9152005432, 5
40.4308913314, 86.9152006563, 6
40.4308914375, 86.9152007694, 9
40.4308914906, 86.9152008259, 7
40.4308915437, 86.9152008824, 6
40.4308915969, 86.9152009388, 6
40.4308932498, 86.9152026747, 38
40.4308949641, 86.9152044542, 38
40.4308966867, 86.9152062216, 37
40.4308984713, 86.9152080305, 38
40.4308940000, 86.9152070000, 40.4308960595, 86.9152090669, 43
40.4308978576, 86.9152108690, 40
40.4308997196, 86.9152127329, 40
40.4309014184, 86.9152144292, 38
40.4309033418, 86.9152163382, 42
40.4309052721, 86.9152182394, 40
40.4309070445, 86.9152199691, 37
40.4309089914, 86.9152218472, 42
40.4309107235, 86.9152235043, 38
40.4309126319, 86.9152253175, 39
40.4308940000, 86.9152070000, 40.4308961414, 86.9152090215, 46
40.4308961978, 86.9152090747, 8
40.4308962542, 86.9152091279, 8
40.4308963105, 86.9152091811, 5
40.4308964233, 86.9152092875, 6
40.4308964796, 86.9152093407, 5
40.4308965360, 86.9152093938, 7
40.4308966488, 86.9152095002, 8
40.4308967051, 86.9152095534, 8
40.4308967615, 86.9152096066, 5
40.4308968743, 86.9152097129, 6
40.4308969307, 86.9152097661, 5
40.4308969871, 86.9152098193, 7
40.4308970435, 86.9152098725, 7
40.4308971563, 86.9152099788, 8
40.4308972127, 86.9152100320, 5
40.4308973255, 86.9152101384, 38
40.4308973819, 86.9152101916, 5
40.4308974383, 86.9152102448, 6
40.4308974948, 86.9152102980, 6
40.4308975512, 86.9152103512, 8
40.4308976076, 86.9152104044, 7
40.4308976641, 86.9152104575, 7
40.4308977205, 86.9152105107, 6
40.4308977770, 86.9152105638, 5
40.4308978335, 86.9152106170, 7
40.4308978900, 86.9152106701, 7
40.4308979465, 86.9152107232, 8
40.4308980595, 86.9152108294, 7
40.4308981160, 86.9152108825, 5
40.4308981726, 86.9152109356, 5
40.4308982857, 86.9152110417, 8
40.4308983423, 86.9152110948, 7
40.4308983989, 86.9152111479, 7
40.4308985121, 86.9152112539, 6
40.4308985687, 86.9152113069, 5
40.4308986819, 86.9152114130, 8
40.4308987386, 86.9152114659, 5
40.4308987952, 86.9152115189, 6
40.4308989085, 86.9152116249, 8
40.4309006728, 86.9152132566, 37
40.4309025013, 86.9152149284, 38
40.4309043368, 86.9152165919, 37
40.4309062374, 86.9152183009, 37
40.4309000000, 86.9152180000, 40.4309021962, 86.9152199616, 43
40.4309041051, 86.9152216569, 41
40.4309060793, 86.9152234147, 40
40.4309078863, 86.9152250256, 37
40.4309099223, 86.9152268387, 41
40.4309119603, 86.9152286562, 40
40.4309138245, 86.9152303152, 37
40.4309158638, 86.9152321208, 42
40.4309176726, 86.9152337160, 38
40.4309196621, 86.9152354625, 39
40.4309000000, 86.9152180000, 40.4309022262, 86.9152199454, 46
40.4309022848, 86.9152199966, 8
40.4309023434, 86.9152200477, 8
40.4309024019, 86.9152200989, 5
40.4309024605, 86.9152201501, 5
40.4309025191, 86.9152202014, 5
40.4309025777, 86.9152202526, 7
40.4309026363, 86.9152203038, 7
40.4309026950, 86.9152203550, 8
40.4309027536, 86.9152204062, 5
40.4309028708, 86.9152205087, 6
40.4309029294, 86.9152205599, 5
40.4309030466, 86.9152206624, 7
40.4309031052, 86.9152207137, 7
40.4309031639, 86.9152207649, 8
40.4309032225, 86.9152208161, 5
40.4309032811, 86.9152208674, 27
40.4309033397, 86.9152209186, 7
40.4309034570, 86.9152210211, 7
40.4309035156, 86.9152210724, 6
40.4309035743, 86.9152211236, 6
40.4309036329, 86.9152211749, 8
40.4309036916, 86.9152212262, 7
40.4309038090, 86.9152213287, 8
40.4309038677, 86.9152213800, 5
40.4309039264, 86.9152214313, 5
40.4309039851, 86.9152214826, 7
40.4309040438, 86.9152215339, 8
40.4309041025, 86.9152215852, 7
40.4309041613, 86.9152216365, 5
40.4309042201, 86.9152216878, 5
40.4309043376, 86.9152217904, 6
40.4309044552, 86.9152218929, 8
40.4309045140, 86.9152219442, 8
40.4309045729, 86.9152219955, 8
40.4309046317, 86.9152220468, 5
40.4309046906, 86.9152220980, 6
40.4309048083, 86.9152222005, 6
40.4309048672, 86.9152222518, 7
40.4309049260, 86.9152223031, 7
40.4309049849, 86.9152223543, 8
40.4309068155, 86.9152239311, 38
40.4309087721, 86.9152255939, 38
40.4309106760, 86.9152271937, 37
40.4309126468, 86.9152288322, 38
40.4309070000, 86.9152290000, 40.4309093377, 86.9152309228, 44
40.4309113214, 86.9152325411, 41
40.4309133673, 86.9152341979, 39
40.4309152366, 86.9152357124, 37
40.4309174134, 86.9152374744, 42
40.4309194668, 86.9152391305, 39
40.4309213984, 86.9152406839, 36
40.4309235187, 86.9152423837, 41
40.4309254025, 86.9152438852, 38
40.4309274146, 86.9152454756, 39
40.4309070000, 86.9152290000, 40.4309093250, 86.9152308178, 45
40.4309094474, 86.9152309135, 8
40.4309095086, 86.9152309613, 8
40.4309095698, 86.9152310091, 5
40.4309096310, 86.9152310569, 5
40.4309096922, 86.9152311047, 5
40.4309097534, 86.9152311525, 6
40.4309098759, 86.9152312480, 8
40.4309099371, 86.9152312958, 7
40.4309100596, 86.9152313913, 6
40.4309101208, 86.9152314391, 5
40.4309102433, 86.9152315346, 7
40.4309103046, 86.9152315823, 5
40.4309104271, 86.9152316778, 7
40.4309104884, 86.9152317256, 7
40.4309106109, 86.9152318211, 36
40.4309106722, 86.9152318688, 8
40.4309107948, 86.9152319643, 7
40.4309108561, 86.9152320121, 6
40.4309109174, 86.9152320598, 7
40.4309109788, 86.9152321076, 6
40.4309110401, 86.9152321554, 7
40.4309111014, 86.9152322031, 8
40.4309111628, 86.9152322509, 5
40.4309112241, 86.9152322986, 5
40.4309112855, 86.9152323464, 7
40.4309113468, 86.9152323942, 8
40.4309114082, 86.9152324419, 8
40.4309115309, 86.9152325375, 6
40.4309116537, 86.9152326331, 6
40.4309117766, 86.9152327287, 6
40.4309118994, 86.9152328243, 8
40.4309119609, 86.9152328721, 7
40.4309120838, 86.9152329678, 8
40.4309122068, 86.9152330635, 6
40.4309123298, 86.9152331592, 7
40.4309123913, 86.9152332070, 7
40.4309124528, 86.9152332549, 7
40.4309125143, 86.9152333027, 7
40.4309125758, 86.9152333505, 5
40.4309144865, 86.9152348225, 37
40.4309164640, 86.9152363310, 38
40.4309184496, 86.9152378276, 37
40.4309205032, 86.9152393556, 38
40.4309140000, 86.9152420000, 40.4309163708, 86.9152437380, 43
40.4309184346, 86.9152452356, 40
40.4309205651, 86.9152467711, 39
40.4309225100, 86.9152481642, 38
40.4309247663, 86.9152497699, 42
40.4309268998, 86.9152512924, 39
40.4309289093, 86.9152527297, 37
40.4309311638, 86.9152543434, 43
40.4309331047, 86.9152557349, 38
40.4309352353, 86.9152572613, 39
40.4309140000, 86.9152420000, 40.4309163204, 86.9152436543, 45
40.4309163831, 86.9152436990, 8
40.4309164459, 86.9152437437, 8
40.4309165086, 86.9152437884, 5
40.4309165713, 86.9152438331, 5
40.4309166340, 86.9152438778, 5
40.4309167595, 86.9152439671, 8
40.4309168850, 86.9152440564, 8
40.4309170105, 86.9152441456, 8
40.4309171360, 86.9152442348, 6
40.4309172615, 86.9152443240, 6
40.4309173242, 86.9152443685, 7
40.4309173870, 86.9152444131, 5
40.4309174497, 86.9152444576, 7
40.4309175125, 86.9152445022, 7
40.4309175752, 86.9152445467, 27
40.4309177008, 86.9152446357, 9
40.4309177635, 86.9152446802, 8
40.4309178891, 86.9152447691, 7
40.4309179519, 86.9152448136, 6
40.4309180774, 86.9152449025, 9
40.4309181402, 86.9152449469, 7
40.4309182030, 86.9152449913, 7
40.4309183285, 86.9152450802, 6
40.4309183913, 86.9152451247, 6
40.4309184541, 86.9152451691, 6
40.4309185169, 86.9152452135, 8
40.4309185797, 86.9152452580, 8
40.4309186425, 86.9152453024, 8
40.4309187053, 86.9152453468, 5
40.4309188309, 86.9152454357, 6
40.4309188937, 86.9152454801, 5
40.4309190194, 86.9152455690, 7
40.4309190822, 86.9152456135, 7
40.4309192078, 86.9152457024, 8
40.4309192707, 86.9152457468, 6
40.4309193964, 86.9152458358, 6
40.4309194592, 86.9152458803, 8
40.4309195221, 86.9152459248, 8
40.4309195849, 86.9152459693, 8
40.4309197107, 86.9152460583, 6
40.4309216627, 86.9152474371, 38
40.4309236840, 86.9152488603, 40
40.4309257121, 86.9152502825, 39
40.4309278069, 86.9152517403, 37
40.4309170000, 86.9152510000, 40.4309194788, 86.9152527023, 44
40.4309215777, 86.9152541304, 37
40.4309237481, 86.9152555952, 41
40.4309257314, 86.9152569219, 38
40.4309280414, 86.9152584562, 41
40.4309302275, 86.9152598957, 41
40.4309322885, 86.9152612470, 37
40.4309346097, 86.9152627667, 41
40.4309366130, 86.9152640846, 39
40.4309388093, 86.9152655288, 41
40.4309170000, 86.9152510000, 40.4309193874, 86.9152525656, 45
40.4309195165, 86.9152526502, 9
40.4309195810, 86.9152526926, 5
40.4309196455, 86.9152527349, 5
40.4309197101, 86.9152527772, 6
40.4309197746, 86.9152528195, 7
40.4309198392, 86.9152528619, 7
40.4309199683, 86.9152529465, 9
40.4309200328, 86.9152529889, 5
40.4309200974, 86.9152530313, 5
40.4309201620, 86.9152530736, 5
40.4309202266, 86.9152531160, 6
40.4309202911, 86.9152531583, 7
40.4309203557, 86.9152532007, 8
40.4309204203, 86.9152532431, 5
40.4309205495, 86.9152533278, 8
40.4309206141, 86.9152533702, 5
40.4309206787, 86.9152534125, 5
40.4309207433, 86.9152534549, 6
40.4309208079, 86.9152534972, 7
40.4309208725, 86.9152535396, 7
40.4309210017, 86.9152536243, 8
40.4309210663, 86.9152536666, 6
40.4309211955, 86.9152537513, 6
40.4309213247, 86.9152538360, 8
40.4309214539, 86.9152539206, 9
40.4309215185, 86.9152539629, 7
40.4309215831, 86.9152540052, 5
40.4309217123, 86.9152540898, 6
40.4309217769, 86.9152541321, 5
40.4309218415, 86.9152541744, 8
40.4309219061, 86.9152542166, 8
40.4309219707, 86.9152542589, 8
40.4309220353, 86.9152543012, 5
40.4309221645, 86.9152543857, 6
40.4309222937, 86.9152544702, 8
40.4309223583, 86.9152545124, 5
40.4309224230, 86.9152545547, 7
40.4309224876, 86.9152545969, 7
40.4309244953, 86.9152559021, 38
40.4309265774, 86.9152572553, 38
40.4309286729, 86.9152586165, 37
40.4309307759, 86.9152599722, 37
40.4309170000, 86.9152540000, 40.4309196469, 86.9152556940, 45
40.4309217741, 86.9152570474, 40
40.4309240401, 86.9152584763, 40
40.4309263790, 86.9152599453, 41
40.4309285889, 86.9152613299, 39
40.4309309391, 86.9152627972, 40
40.4309330935, 86.9152641348, 36
40.4309354544, 86.9152655824, 42
40.4309375582, 86.9152668584, 38
40.4309397903, 86.9152682002, 39
40.4309170000, 86.9152540000, 40.4309195688, 86.9152555589, 45
40.4309196364, 86.9152555999, 8
40.4309197040, 86.9152556410, 8
40.4309198392, 86.9152557231, 6
40.4309199746, 86.9152558053, 6
40.4309201100, 86.9152558876, 8
40.4309201777, 86.9152559287, 7
40.4309202454, 86.9152559698, 5
40.4309203131, 86.9152560108, 7
40.4309203809, 86.9152560519, 5
40.4309204486, 86.9152560930, 5
40.4309205839, 86.9152561751, 8
40.4309206516, 86.9152562161, 6
40.4309207193, 86.9152562572, 6
40.4309207870, 86.9152562982, 7
40.4309208547, 86.9152563393, 5
40.4309209901, 86.9152564214, 9
40.4309210578, 86.9152564624, 6
40.4309211255, 86.9152565035, 5
40.4309211932, 86.9152565446, 6
40.4309212609, 86.9152565856, 7
40.4309213286, 86.9152566267, 7
40.4309213964, 86.9152566678, 8
40.4309214641, 86.9152567088, 6
40.4309215318, 86.9152567499, 5
40.4309215995, 86.9152567910, 7
40.4309216672, 86.9152568321, 8
40.4309217349, 86.9152568731, 8
40.4309218026, 86.9152569142, 5
40.4309218703, 86.9152569553, 5
40.4309219381, 86.9152569964, 5
40.4309220735, 86.9152570785, 8
40.4309221412, 86.9152571196, 7
40.4309222767, 86.9152572017, 8
40.4309224121, 86.9152572838, 6
40.4309224798, 86.9152573248, 5
40.4309226152, 86.9152574068, 7
40.4309226829, 86.9152574479, 6
40.4309227506, 86.9152574889, 7
40.4309228861, 86.9152575709, 8
40.4309229538, 86.9152576119, 5
40.4309250538, 86.9152588766, 38
40.4309272228, 86.9152601712, 39
40.4309293278, 86.9152614248, 38
40.4309315720, 86.9152627581, 38
40.4309140000, 86.9152540000, 40.4309166639, 86.9152555563, 44
40.4309188594, 86.9152568348, 36
40.4309212079, 86.9152582073, 41
40.4309235766, 86.9152595639, 39
40.4309258228, 86.9152608365, 37
40.4309283697, 86.9152622738, 42
40.4309305752, 86.9152635068, 36
40.4309331500, 86.9152649321, 41
40.4309353763, 86.9152661485, 40
40.4309377583, 86.9152674398, 40
40.4309140000, 86.9152540000, 40.4309167543, 86.9152554755, 46
40.4309168268, 86.9152555144, 8
40.4309169718, 86.9152555920, 6
40.4309170443, 86.9152556308, 5
40.4309171169, 86.9152556695, 5
40.4309171894, 86.9152557083, 7
40.4309172620, 86.9152557471, 7
40.4309173345, 86.9152557858, 8
40.4309174071, 86.9152558246, 5
40.4309174797, 86.9152558633, 5
40.4309176249, 86.9152559408, 6
40.4309176975, 86.9152559795, 7
40.4309177701, 86.9152560182, 7
40.4309178427, 86.9152560569, 8
40.4309179154, 86.9152560956, 5
40.4309180606, 86.9152561730, 38
40.4309181333, 86.9152562117, 5
40.4309182786, 86.9152562890, 6
40.4309183512, 86.9152563277, 6
40.4309184238, 86.9152563664, 8
40.4309184965, 86.9152564050, 7
40.4309186418, 86.9152564824, 8
40.4309187145, 86.9152565211, 6
40.4309187871, 86.9152565598, 5
40.4309188598, 86.9152565985, 7
40.4309190051, 86.9152566760, 9
40.4309190777, 86.9152567148, 7
40.4309191504, 86.9152567535, 5
40.4309192231, 86.9152567923, 5
40.4309193684, 86.9152568698, 6
40.4309194410, 86.9152569086, 8
40.4309195137, 86.9152569474, 8
40.4309195863, 86.9152569861, 8
40.4309197316, 86.9152570637, 6
40.4309198042, 86.9152571025, 5
40.4309199495, 86.9152571801, 6
40.4309200222, 86.9152572189, 6
40.4309200949, 86.9152572578, 7
40.4309201675, 86.9152572966, 7
40.4309202402, 86.9152573354, 5
40.4309225716, 86.9152585803, 40
40.4309249842, 86.9152598600, 39
40.4309272593, 86.9152610584, 37
40.4309296836, 86.9152623305, 38
40.4309040000, 86.9152490000, 40.4309068689, 86.9152505055, 44
40.4309092245, 86.9152517398, 37
40.4309117287, 86.9152530452, 41
40.4309143070, 86.9152543833, 40
40.4309166639, 86.9152556041, 37
40.4309192415, 86.9152569337, 40
40.4309215251, 86.9152581097, 36
40.4309241068, 86.9152594305, 40
40.4309263966, 86.9152605953, 36
40.4309288439, 86.9152618403, 38
40.4309040000, 86.9152490000, 40.4309068371, 86.9152504299, 45
40.4309069865, 86.9152505052, 8
40.4309070612, 86.9152505428, 8
40.4309071359, 86.9152505804, 5
40.4309072854, 86.9152506555, 6
40.4309074349, 86.9152507307, 8
40.4309075097, 86.9152507682, 6
40.4309075845, 86.9152508057, 6
40.4309077342, 86.9152508808, 8
40.4309078091, 86.9152509183, 5
40.4309078839, 86.9152509558, 5
40.4309079588, 86.9152509933, 7
40.4309080337, 86.9152510307, 7
40.4309081086, 86.9152510682, 7
40.4309081836, 86.9152511057, 5
40.4309083335, 86.9152511806, 27
40.4309084084, 86.9152512180, 7
40.4309084834, 86.9152512555, 8
40.4309085584, 86.9152512929, 6
40.4309086334, 86.9152513303, 5
40.4309087084, 86.9152513677, 7
40.4309088585, 86.9152514425, 8
40.4309089336, 86.9152514799, 8
40.4309090086, 86.9152515173, 5
40.4309090837, 86.9152515547, 5
40.4309091589, 86.9152515920, 6
40.4309092340, 86.9152516294, 7
40.4309093091, 86.9152516667, 7
40.4309093843, 86.9152517040, 7
40.4309094594, 86.9152517413, 5
40.4309095346, 86.9152517787, 5
40.4309096098, 86.9152518160, 5
40.4309096849, 86.9152518533, 6
40.4309097601, 86.9152518906, 7
40.4309098353, 86.9152519278, 7
40.4309099106, 86.9152519651, 5
40.4309100610, 86.9152520397, 6
40.4309101362, 86.9152520769, 5
40.4309102115, 86.9152521142, 6
40.4309102867, 86.9152521514, 7
40.4309103620, 86.9152521887, 8
40.4309126999, 86.9152533383, 38
40.4309151938, 86.9152545546, 39
40.4309176142, 86.9152557300, 37
40.4309201090, 86.9152569338, 38
40.4308990000, 86.9152440000, 40.4309018701, 86.9152453775, 44
40.4309042849, 86.9152465316, 39
40.4309068490, 86.9152477526, 41
40.4309091859, 86.9152488618, 38
40.4309118247, 86.9152501088, 40
40.4309144638, 86.9152513494, 40
40.4309168744, 86.9152524777, 37
40.4309195095, 86.9152537120, 42
40.4309218438, 86.9152548009, 38
40.4309244067, 86.9152559847, 41
40.4308990000, 86.9152440000, 40.4309017912, 86.9152452816, 45
40.4309018667, 86.9152453162, 7
40.4309019421, 86.9152453509, 7
40.4309020176, 86.9152453855, 6
40.4309021685, 86.9152454547, 6
40.4309022439, 86.9152454893, 5
40.4309023194, 86.9152455240, 7
40.4309024703, 86.9152455932, 8
40.4309025457, 86.9152456278, 5
40.4309026966, 86.9152456969, 7
40.4309027721, 86.9152457315, 5
40.4309029230, 86.9152458007, 6
40.4309029984, 86.9152458352, 5
40.4309030739, 86.9152458698, 6
40.4309031494, 86.9152459043, 36
40.4309032248, 86.9152459389, 7
40.4309033003, 86.9152459734, 8
40.4309033757, 86.9152460080, 8
40.4309035266, 86.9152460771, 7
40.4309036021, 86.9152461116, 5
40.4309037530, 86.9152461807, 6
40.4309039039, 86.9152462497, 7
40.4309039793, 86.9152462843, 6
40.4309041302, 86.9152463533, 9
40.4309042057, 86.9152463878, 6
40.4309042811, 86.9152464223, 5
40.4309043566, 86.9152464568, 7
40.4309045075, 86.9152465258, 9
40.4309045829, 86.9152465603, 7
40.4309047338, 86.9152466292, 6
40.4309048092, 86.9152466637, 5
40.4309049602, 86.9152467326, 6
40.4309051111, 86.9152468016, 8
40.4309051865, 86.9152468360, 7
40.4309052620, 86.9152468705, 8
40.4309053374, 86.9152469050, 5
40.4309054129, 86.9152469394, 5
40.4309054883, 86.9152469739, 6
40.4309055638, 86.9152470083, 7
40.4309056392, 86.9152470428, 7
40.4309057901, 86.9152471116, 8
40.4309082022, 86.9152482110, 39
40.4309106122, 86.9152493080, 38
40.4309130217, 86.9152504024, 37
40.4309155075, 86.9152515264, 38
40.4308880000, 86.9152540000, 40.4308909406, 86.9152553221, 44
40.4308933554, 86.9152564041, 39
40.4308959222, 86.9152575515, 41
40.4308985662, 86.9152587308, 41
40.4309009855, 86.9152598058, 37
40.4309037094, 86.9152610124, 40
40.4309061306, 86.9152620835, 36
40.4309087783, 86.9152632548, 42
40.4309111235, 86.9152642901, 38
40.4309136956, 86.9152654237, 40
40.4308880000, 86.9152540000, 40.4308907989, 86.9152552299, 44
40.4308908745, 86.9152552631, 6
40.4308909501, 86.9152552964, 6
40.4308911014, 86.9152553628, 8
40.4308911771, 86.9152553961, 5
40.4308913284, 86.9152554625, 6
40.4308914040, 86.9152554957, 5
40.4308914797, 86.9152555290, 6
40.4308915553, 86.9152555622, 7
40.4308917066, 86.9152556286, 8
40.4308917822, 86.9152556619, 5
40.4308918579, 86.9152556951, 5
40.4308919335, 86.9152557283, 5
40.4308920848, 86.9152557947, 36
40.4308922361, 86.9152558611, 8
40.4308923117, 86.9152558943, 8
40.4308923874, 86.9152559275, 8
40.4308924630, 86.9152559607, 8
40.4308925386, 86.9152559939, 6
40.4308926899, 86.9152560603, 6
40.4308928412, 86.9152561267, 6
40.4308929168, 86.9152561599, 6
40.4308929924, 86.9152561931, 7
40.4308930681, 86.9152562263, 7
40.4308931437, 86.9152562595, 6
40.4308932193, 86.9152562927, 5
40.4308932949, 86.9152563259, 5
40.4308933706, 86.9152563591, 6
40.4308934462, 86.9152563923, 7
40.4308935218, 86.9152564254, 7
40.4308936731, 86.9152564918, 6
40.4308937487, 86.9152565250, 5
40.4308938243, 86.9152565582, 5
40.4308938999, 86.9152565913, 6
40.4308940512, 86.9152566577, 8
40.4308941268, 86.9152566909, 7
40.4308942024, 86.9152567240, 5
40.4308942780, 86.9152567572, 6
40.4308943536, 86.9152567904, 5
40.4308945049, 86.9152568567, 7
40.4308945805, 86.9152568898, 7
40.4308947317, 86.9152569562, 8
40.4308972270, 86.9152580494, 39
40.4308996463, 86.9152591082, 38
40.4309020662, 86.9152601643, 37
40.4309044861, 86.9152612186, 37
40.4308840000, 86.9152570000, 40.4308869485, 86.9152582833, 44
40.4308893685, 86.9152593343, 39
40.4308919399, 86.9152604492, 41
40.4308945115, 86.9152615614, 40
40.4308969318, 86.9152626071, 37
40.4308995789, 86.9152637482, 39
40.4309019998, 86.9152647902, 37
40.4309046489, 86.9152659274, 41
40.4309069950, 86.9152669332, 35
40.4309095690, 86.9152680356, 39
40.4308840000, 86.9152570000, 40.4308868765, 86.9152582290, 43
40.4308870278, 86.9152582937, 8
40.4308871035, 86.9152583261, 8
40.4308871792, 86.9152583584, 8
40.4308872549, 86.9152583907, 5
40.4308873306, 86.9152584231, 5
40.4308874063, 86.9152584554, 5
40.4308874820, 86.9152584877, 7
40.4308876334, 86.9152585524, 9
40.4308877091, 86.9152585847, 7
40.4308878605, 86.9152586494, 7
40.4308880119, 86.9152587141, 9
40.4308880876, 86.9152587464, 6
40.4308881633, 86.9152587787, 5
40.4308882390, 86.9152588111, 6
40.4308883146, 86.9152588434, 8
40.4308883903, 86.9152588757, 7
40.4308884660, 86.9152589081, 8
40.4308885417, 86.9152589404, 5
40.4308886174, 86.9152589727, 6
40.4308887688, 86.9152590373, 7
40.4308888445, 86.9152590697, 7
40.4308889202, 86.9152591020, 7
40.4308889959, 86.9152591343, 6
40.4308890716, 86.9152591666, 5
40.4308892230, 86.9152592312, 6
40.4308892987, 86.9152592635, 6
40.4308893744, 86.9152592958, 5
40.4308895258, 86.9152593604, 7
40.4308896015, 86.9152593927, 8
40.4308896772, 86.9152594250, 5
40.4308898286, 86.9152594897, 6
40.4308899043, 86.9152595220, 5
40.4308900557, 86.9152595866, 7
40.4308901314, 86.9152596189, 7
40.4308902071, 86.9152596511, 7
40.4308903585, 86.9152597157, 6
40.4308904342, 86.9152597480, 5
40.4308905099, 86.9152597803, 5
40.4308906613, 86.9152598449, 7
40.4308907370, 86.9152598772, 7
40.4308908127, 86.9152599095, 7
40.4308931595, 86.9152609106, 38
40.4308956580, 86.9152619754, 39
40.4308980806, 86.9152630074, 36
40.4309005033, 86.9152640378, 37
40.4308760000, 86.9152580000, 40.4308790273, 86.9152592876, 45
40.4308814492, 86.9152603165, 39
40.4308840221, 86.9152614081, 41
40.4308865950, 86.9152624989, 40
40.4308890161, 86.9152635246, 37
40.4308917399, 86.9152646769, 42
40.4308940855, 86.9152656685, 36
40.4308967339, 86.9152667859, 43
40.4308990792, 86.9152677753, 38
40.4309016511, 86.9152688598, 40
40.4308760000, 86.9152580000, 40.4308788741, 86.9152592104, 46
40.4308789497, 86.9152592422, 8
40.4308790253, 86.9152592741, 8
40.4308791009, 86.9152593059, 5
40.4308791766, 86.9152593378, 5
40.4308792522, 86.9152593696, 5
40.4308793278, 86.9152594015, 8
40.4308794035, 86.9152594333, 8
40.4308794791, 86.9152594652, 8
40.4308795547, 86.9152594970, 5
40.4308797060, 86.9152595607, 38
40.4308797816, 86.9152595926, 5
40.4308798573, 86.9152596244, 6
40.4308800085, 86.9152596881, 7
40.4308800842, 86.9152597199, 7
40.4308801598, 86.9152597518, 7
40.4308803110, 86.9152598154, 8
40.4308803867, 86.9152598473, 6
40.4308804623, 86.9152598791, 5
40.4308806136, 86.9152599428, 8
40.4308806892, 86.9152599746, 7
40.4308807648, 86.9152600064, 6
40.4308808405, 86.9152600382, 6
40.4308809161, 86.9152600701, 6
40.4308810673, 86.9152601337, 6
40.4308811430, 86.9152601655, 7
40.4308812186, 86.9152601973, 5
40.4308812942, 86.9152602291, 7
40.4308813699, 86.9152602610, 7
40.4308814455, 86.9152602928, 7
40.4308815211, 86.9152603246, 8
40.4308815967, 86.9152603564, 8
40.4308816724, 86.9152603882, 8
40.4308817480, 86.9152604200, 8
40.4308818236, 86.9152604518, 5
40.4308818993, 86.9152604836, 5
40.4308819749, 86.9152605154, 5
40.4308821262, 86.9152605790, 8
40.4308822018, 86.9152606108, 8
40.4308822774, 86.9152606426, 8
40.4308846215, 86.9152616270, 38
40.4308870417, 86.9152626421, 39
40.4308894622, 86.9152636576, 37
40.4308918838, 86.9152646717, 37
40.4308670000, 86.9152560000, 40.4308700260, 86.9152572667, 45
40.4308724462, 86.9152582793, 39
40.4308750172, 86.9152593534, 41
40.4308776637, 86.9152604593, 40
40.4308801590, 86.9152615019, 38
40.4308828061, 86.9152626075, 40
40.4308851511, 86.9152635866, 37
40.4308877980, 86.9152646911, 42
40.4308901428, 86.9152656690, 38
40.4308926382, 86.9152667091, 41
40.4308670000, 86.9152560000, 40.4308698736, 86.9152571956, 45
40.4308700248, 86.9152572585, 8
40.4308701004, 86.9152572900, 7
40.4308701761, 86.9152573214, 5
40.4308702517, 86.9152573529, 5
40.4308704029, 86.9152574158, 6
40.4308704785, 86.9152574473, 7
40.4308706298, 86.9152575102, 8
40.4308707810, 86.9152575731, 8
40.4308708566, 86.9152576045, 5
40.4308709323, 86.9152576360, 35
40.4308710835, 86.9152576989, 8
40.4308711591, 86.9152577303, 7
40.4308712347, 86.9152577618, 8
40.4308713103, 86.9152577932, 8
40.4308713860, 86.9152578247, 7
40.4308714616, 86.9152578561, 8
40.4308715372, 86.9152578875, 5
40.4308716128, 86.9152579190, 5
40.4308716885, 86.9152579504, 7
40.4308717641, 86.9152579819, 5
40.4308718397, 86.9152580133, 6
40.4308719153, 86.9152580447, 7
40.4308719909, 86.9152580762, 5
40.4308721422, 86.9152581390, 6
40.4308722178, 86.9152581705, 7
40.4308722934, 86.9152582019, 5
40.4308724446, 86.9152582647, 7
40.4308725203, 86.9152582962, 7
40.4308725959, 86.9152583276, 5
40.4308726715, 86.9152583590, 6
40.4308728227, 86.9152584219, 6
40.4308728983, 86.9152584533, 7
40.4308729739, 86.9152584847, 7
40.4308730495, 86.9152585161, 8
40.4308731252, 86.9152585475, 6
40.4308732008, 86.9152585789, 8
40.4308732764, 86.9152586103, 8
40.4308734276, 86.9152586732, 9
40.4308735032, 86.9152587046, 8
40.4308758473, 86.9152596773, 38
40.4308783427, 86.9152607116, 40
40.4308807620, 86.9152617122, 38
40.4308832571, 86.9152627420, 38
40.4308540000, 86.9152500000, 40.4308569469, 86.9152512154, 45
40.4308593645, 86.9152522118, 40
40.4308619323, 86.9152532682, 39
40.4308645750, 86.9152543548, 40
40.4308669907, 86.9152553476, 37
40.4308697076, 86.9152564631, 43
40.4308720468, 86.9152574226, 36
40.4308746865, 86.9152585049, 43
40.4308770222, 86.9152594628, 38
40.4308795822, 86.9152605114, 39
40.4308540000, 86.9152500000, 40.4308567839, 86.9152511409, 45
40.4308568592, 86.9152511718, 8
40.4308569344, 86.9152512026, 8
40.4308570097, 86.9152512334, 5
40.4308570849, 86.9152512643, 5
40.4308571601, 86.9152512951, 5
40.4308572354, 86.9152513260, 7
40.4308573106, 86.9152513568, 8
40.4308573858, 86.9152513876, 8
40.4308574611, 86.9152514185, 5
40.4308576115, 86.9152514801, 36
40.4308577620, 86.9152515418, 7
40.4308578372, 86.9152515726, 6
40.4308579124, 86.9152516034, 6
40.4308579876, 86.9152516342, 8
40.4308580628, 86.9152516650, 8
40.4308581381, 86.9152516959, 8
40.4308582133, 86.9152517267, 5
40.4308583637, 86.9152517883, 6
40.4308585141, 86.9152518500, 6
40.4308586645, 86.9152519116, 7
40.4308588149, 86.9152519732, 8
40.4308589653, 86.9152520348, 8
40.4308590405, 86.9152520656, 6
40.4308591909, 86.9152521271, 6
40.4308592661, 86.9152521579, 5
40.4308593413, 86.9152521887, 6
40.4308594917, 86.9152522503, 7
40.4308596421, 86.9152523118, 8
40.4308597925, 86.9152523733, 6
40.4308598676, 86.9152524041, 5
40.4308600180, 86.9152524656, 7
40.4308600932, 86.9152524964, 5
40.4308602436, 86.9152525579, 7
40.4308603939, 86.9152526195, 9
40.4308604691, 86.9152526503, 5
40.4308605443, 86.9152526810, 5
40.4308606195, 86.9152527118, 7
40.4308606947, 86.9152527426, 5
40.4308608450, 86.9152528041, 7
40.4308609202, 86.9152528349, 7
40.4308632518, 86.9152537903, 38
40.4308657355, 86.9152548077, 39
40.4308681479, 86.9152557935, 36
40.4308705656, 86.9152567791, 37
40.4308380000, 86.9152400000, 40.4308409524, 86.9152412009, 44
40.4308433783, 86.9152421848, 39
40.4308459589, 86.9152432274, 41
40.4308486187, 86.9152443012, 40
40.4308510511, 86.9152452794, 37
40.4308537119, 86.9152463468, 39
40.4308561445, 86.9152473246, 38
40.4308588060, 86.9152483940, 41
40.4308611641, 86.9152493424, 37
40.4308637528, 86.9152503817, 40
40.4308380000, 86.9152400000, 40.4308408957, 86.9152411590, 43
40.4308409719, 86.9152411895, 6
40.4308411243, 86.9152412505, 8
40.4308412767, 86.9152413115, 8
40.4308413529, 86.9152413420, 5
40.4308414291, 86.9152413725, 5
40.4308415053, 86.9152414030, 5
40.4308416577, 86.9152414640, 8
40.4308417339, 86.9152414944, 7
40.4308418101, 86.9152415249, 7
40.4308418864, 86.9152415554, 37
40.4308419626, 86.9152415859, 8
40.4308420388, 86.9152416164, 5
40.4308421150, 86.9152416469, 6
40.4308421912, 86.9152416774, 7
40.4308422674, 86.9152417079, 7
40.4308424198, 86.9152417688, 8
40.4308424959, 86.9152417993, 6
40.4308426483, 86.9152418603, 7
40.4308427245, 86.9152418908, 5
40.4308428007, 86.9152419213, 7
40.4308429531, 86.9152419823, 9
40.4308430293, 86.9152420128, 8
40.4308431054, 86.9152420433, 5
40.4308431816, 86.9152420738, 5
40.4308433340, 86.9152421348, 6
40.4308434101, 86.9152421653, 7
40.4308434863, 86.9152421959, 8
40.4308435625, 86.9152422264, 7
40.4308437148, 86.9152422874, 6
40.4308438671, 86.9152423484, 6
40.4308439433, 86.9152423789, 5
40.4308440194, 86.9152424094, 6
40.4308440956, 86.9152424399, 7
40.4308441717, 86.9152424704, 7
40.4308442478, 86.9152425010, 5
40.4308443240, 86.9152425315, 5
40.4308444763, 86.9152425925, 6
40.4308445524, 86.9152426230, 7
40.4308446285, 86.9152426535, 7
40.4308447046, 86.9152426841, 8
